potencia_cv,torque_nm,preco_tabela_brl,capacidade_carga_kg,capacidade_reboque_kg,profundidade_vadeo_mm,angulo_ataque_graus,angulo_saida_graus,airbags_quantidade,tela_central_pol,frenagem_autonoma,perfil
247.0,472.0,335907.0,1313.0,2434.0,588.0,30.737638446522176,24.302304187458727,7.0,11.919121865976486,1.0,familia
211.0,493.0,233468.0,858.0,2342.0,549.0,26.94274199778582,19.27592777343637,8.0,11.087696298664708,1.0,familia
232.0,401.0,288224.0,1115.0,2177.0,618.0,24.198083930243584,21.124918750620168,8.0,11.478447805324402,1.0,familia
224.0,525.0,261166.0,1129.0,1951.0,533.0,26.590583707607372,24.215399739986232,7.0,12.67136828118997,1.0,familia
225.0,463.0,250859.0,999.0,2371.0,652.0,27.030854868705383,16.7108795339118,7.0,13.082122794713039,1.0,familia
261.0,433.0,297631.0,1146.0,2773.0,576.0,25.44302307000855,18.680995077981915,9.0,11.30379337591933,1.0,familia
227.0,535.0,324465.0,1009.0,2601.0,676.0,25.892521882670145,26.693930967442018,8.0,12.1013616099848,1.0,familia
227.0,484.0,298039.0,1112.0,1943.0,589.0,27.07133771453524,26.433682134224547,7.0,11.981729781726353,1.0,familia
201.0,452.0,346616.0,1146.0,2351.0,625.0,26.291232648044122,24.90593497159867,9.0,12.190711453555423,1.0,familia
253.0,458.0,251459.0,1141.0,2573.0,600.0,25.29623859987456,17.753887773848756,7.0,12.07935467723464,1.0,familia
224.0,502.0,385447.0,1124.0,2572.0,596.0,20.243686354102877,21.920458373652348,7.0,12.602347682549667,1.0,familia
214.0,469.0,322061.0,1095.0,2172.0,657.0,28.255799098060322,24.373095841129143,8.0,11.59061254520526,1.0,familia
250.0,600.0,270378.0,1020.0,2527.0,574.0,21.3480097068016,22.205688924418084,8.0,13.036336032382065,1.0,familia
239.0,523.0,260521.0,915.0,2646.0,614.0,26.75147855103763,23.039344628490927,8.0,12.726288269498875,1.0,familia
259.0,496.0,281425.0,1361.0,2632.0,540.0,27.96966082590149,19.075954989318035,8.0,13.287084603742452,1.0,familia
263.0,502.0,342882.0,1365.0,2431.0,562.0,23.33145671112343,19.552569145103686,9.0,13.378673548190896,1.0,familia
222.0,519.0,328929.0,1089.0,2262.0,524.0,24.660455143798938,24.569196382970418,7.0,13.210109240363954,1.0,familia
233.0,431.0,316149.0,1108.0,2179.0,617.0,27.682353579104703,25.24915372952583,8.0,13.553802052034904,1.0,familia
248.0,508.0,330601.0,1500.0,2659.0,656.0,28.86200529047961,23.954173753917395,9.0,11.347434628339984,1.0,familia
177.0,453.0,313274.0,1424.0,1977.0,634.0,21.161852386431043,20.5842044026317,7.0,13.588950596967367,1.0,familia
204.0,517.0,280785.0,1130.0,2512.0,567.0,32.43183226797598,23.901757066954033,9.0,12.515143278259865,1.0,familia
245.0,443.0,344097.0,989.0,2467.0,625.0,28.597265582510364,18.39911077883267,7.0,12.165498764159052,1.0,familia
291.0,502.0,259564.0,1228.0,3094.0,651.0,21.44189010213796,20.547297781401245,8.0,12.262608038793331,1.0,familia
295.0,301.0,269024.0,1064.0,2150.0,681.0,21.7095758661181,20.67986653990905,8.0,12.630740577286092,1.0,familia
270.0,480.0,270739.0,1164.0,2555.0,569.0,26.209406254970055,20.84405920941472,9.0,10.602623017511343,1.0,familia
274.0,597.0,231916.0,1078.0,2664.0,614.0,24.13190144053822,21.375633248928175,9.0,12.006999065341168,1.0,familia
209.0,526.0,324280.0,1002.0,2751.0,615.0,28.43858635651688,23.888886525770836,7.0,13.051737010465075,1.0,familia
205.0,478.0,314693.0,1278.0,2334.0,627.0,25.39342204269832,21.34695639031834,9.0,13.59877685198719,1.0,familia
275.0,481.0,337278.0,1056.0,2590.0,593.0,26.290987894978155,23.785471076310742,8.0,10.707954899864784,1.0,familia
214.0,543.0,341666.0,1187.0,2675.0,599.0,23.308236885542506,22.22741367458118,8.0,11.822838288487889,1.0,familia
201.0,462.0,326517.0,1021.0,2269.0,612.0,26.73489971332617,20.47917047388661,7.0,13.059109202614527,1.0,familia
260.0,400.0,253701.0,999.0,2440.0,615.0,30.426068650848656,24.572978869606057,7.0,12.340061470036574,1.0,familia
229.0,464.0,322908.0,984.0,2645.0,676.0,25.67371955462943,23.205135166296824,7.0,12.156798763368831,0.0,familia
246.0,492.0,310503.0,1113.0,2283.0,601.0,27.493994873736348,26.353430823385125,8.0,13.459270826085207,1.0,familia
260.0,490.0,397592.0,986.0,2264.0,570.0,19.62831282707058,20.422734934957717,8.0,10.587293482935781,1.0,familia
242.0,430.0,329676.0,915.0,3012.0,658.0,24.592473043685885,16.860596412727368,9.0,13.853872374165412,1.0,familia
225.0,548.0,246222.0,1016.0,2501.0,602.0,24.649803585562267,23.868549797042498,8.0,11.131409884458144,1.0,familia
248.0,395.0,361107.0,1146.0,2290.0,677.0,26.347023902878576,25.53789155219148,8.0,12.56751848141011,1.0,familia
221.0,533.0,335815.0,1291.0,2229.0,634.0,29.175273460548762,16.723781540730656,8.0,13.386063560246154,1.0,familia
225.0,562.0,312963.0,1328.0,2113.0,514.0,25.833356903310143,23.152196346817924,8.0,12.467305251905907,1.0,familia
213.0,450.0,278285.0,1085.0,2210.0,572.0,22.406366322233453,27.89417539874917,7.0,12.53526355197173,1.0,familia
205.0,491.0,305506.0,1069.0,2671.0,637.0,24.40849655716842,20.27254527806596,8.0,14.874141743400596,1.0,familia
219.0,570.0,300038.0,1180.0,2587.0,753.0,29.35872473430373,21.6162472255577,8.0,11.544459559399574,1.0,familia
203.0,401.0,284137.0,948.0,2972.0,644.0,25.976082076050147,26.43983241667008,7.0,14.87432940349239,1.0,familia
265.0,422.0,302386.0,977.0,2112.0,646.0,31.72824992141039,17.804297278542577,7.0,13.06296923669057,1.0,familia
207.0,453.0,286304.0,979.0,2513.0,558.0,26.811370477339516,21.849285671652588,7.0,12.890253268983143,1.0,familia
227.0,448.0,340215.0,1170.0,2226.0,604.0,28.254161370115366,16.991784156635884,9.0,13.043360192379936,1.0,familia
203.0,380.0,244898.0,1106.0,2572.0,554.0,27.915777376332123,17.01543981319312,7.0,15.28377742348905,1.0,familia
173.0,432.0,294617.0,1240.0,2338.0,641.0,22.610879436027147,23.589412533745847,8.0,13.9415686206579,1.0,familia
250.0,468.0,324845.0,1015.0,2524.0,592.0,29.50334618497942,22.76326252990364,7.0,11.905483947275751,1.0,familia
250.0,501.0,293160.0,1140.0,3081.0,643.0,25.021929403496475,25.603641766491833,8.0,12.091924626978448,1.0,familia
164.0,460.0,310736.0,1334.0,2591.0,589.0,28.488216743550467,15.366594072976344,9.0,11.615184058082015,0.0,familia
240.0,398.0,355750.0,1147.0,2383.0,631.0,32.81207857341319,22.545598765175484,7.0,12.748220586300336,1.0,familia
259.0,432.0,312862.0,1033.0,2634.0,616.0,29.112619832773696,20.469950803435758,7.0,13.786974963849595,1.0,familia
214.0,521.0,273113.0,1221.0,2879.0,620.0,31.630387437674198,19.67863240268928,7.0,11.255345296688583,0.0,familia
167.0,562.0,336174.0,1092.0,2578.0,543.0,33.337255938850475,22.387663545925683,7.0,14.282163618536078,0.0,familia
250.0,436.0,328858.0,1363.0,2876.0,679.0,24.466352970706446,19.031185539224257,9.0,12.374213079900352,1.0,familia
231.0,540.0,242301.0,1314.0,2455.0,578.0,22.963686874219498,17.03542998440269,8.0,12.270120428553613,1.0,familia
294.0,541.0,299244.0,945.0,3220.0,602.0,26.041787875738837,21.92762473866999,7.0,12.385155980516977,1.0,familia
235.0,478.0,288263.0,1000.0,2529.0,587.0,30.511978965748064,15.0,8.0,13.591506851922462,1.0,familia
218.0,459.0,253699.0,991.0,2189.0,687.0,28.807035179442384,25.814665284982475,7.0,11.79552989654047,1.0,familia
192.0,513.0,333724.0,1056.0,2591.0,537.0,28.772081057620703,21.44529359067103,9.0,11.258498769050878,1.0,familia
201.0,394.0,334240.0,920.0,2991.0,495.0,31.089369104870116,22.633052401607856,9.0,12.403286888129607,1.0,familia
228.0,540.0,314569.0,1121.0,2398.0,597.0,26.923405306676177,16.869494822030124,8.0,11.877145496898716,1.0,familia
215.0,481.0,323903.0,1024.0,2282.0,609.0,23.064881667154904,23.224758267143415,8.0,10.79741639576216,1.0,familia
238.0,534.0,376618.0,1242.0,1984.0,536.0,24.125544266912964,22.0782731506325,7.0,12.151986913703162,1.0,familia
236.0,446.0,253733.0,970.0,2121.0,551.0,29.160925389823518,19.15180333350417,8.0,15.13238206483739,0.0,familia
199.0,518.0,286974.0,1117.0,3216.0,595.0,29.447819978857027,19.89047072462234,7.0,12.679845418728059,1.0,familia
218.0,445.0,382497.0,1199.0,2342.0,631.0,28.91766334888019,23.86542988665159,8.0,10.929775280109544,1.0,familia
227.0,514.0,317108.0,913.0,2606.0,630.0,27.679371343793118,25.242342176663865,8.0,12.046255691463559,1.0,familia
262.0,451.0,313844.0,1035.0,2378.0,584.0,26.666401314901137,20.563754135009567,8.0,12.238972746753205,1.0,familia
234.0,559.0,317862.0,1244.0,2084.0,613.0,28.66889238687031,22.246851967826274,9.0,13.565480375065352,1.0,familia
211.0,557.0,401955.0,1049.0,2375.0,672.0,30.73871643719214,20.431419918540193,7.0,12.199639511911371,1.0,familia
190.0,501.0,316658.0,1168.0,2580.0,722.0,24.08678004724605,20.407009134994546,7.0,13.055376816806907,1.0,familia
208.0,558.0,287170.0,983.0,2631.0,572.0,27.898795453266533,22.6087690625539,8.0,10.984255885002767,1.0,familia
196.0,451.0,318951.0,1097.0,2832.0,726.0,24.40739368123904,20.531681672445334,8.0,13.544160877069071,1.0,familia
250.0,460.0,333626.0,1255.0,2729.0,625.0,29.200024068767462,25.50788677133702,8.0,11.85080867509632,1.0,familia
246.0,470.0,315868.0,1268.0,2271.0,618.0,24.819983563017917,22.086234468804452,7.0,13.778451862607298,1.0,familia
236.0,482.0,255605.0,1204.0,2680.0,708.0,25.076665295140998,22.65745098299182,9.0,13.038022354796844,1.0,familia
210.0,500.0,372620.0,1090.0,2344.0,694.0,21.65595829875127,15.403582130139753,7.0,13.148636334720962,1.0,familia
264.0,493.0,287436.0,920.0,2744.0,632.0,25.70247240866185,27.539910988143,8.0,11.429915233673848,1.0,familia
228.0,493.0,300350.0,1149.0,2149.0,672.0,25.753546464822293,25.351887494764384,9.0,12.76966935739707,1.0,familia
221.0,511.0,327908.0,1189.0,2872.0,609.0,28.127011272765536,21.73079291713832,7.0,13.940117215449472,1.0,familia
206.0,579.0,308393.0,899.0,2535.0,565.0,28.521930646966172,20.04212806209283,8.0,12.223101160203623,1.0,familia
229.0,455.0,213044.0,878.0,2712.0,639.0,27.276372685354893,19.09907157061236,7.0,12.45228864385802,0.0,familia
229.0,416.0,370135.0,1222.0,2438.0,601.0,26.625148423842656,15.874795394727128,7.0,12.230813868318611,1.0,familia
226.0,424.0,298755.0,1351.0,2679.0,571.0,27.717748344068475,26.198066309758005,7.0,13.424633682912768,0.0,familia
232.0,444.0,337928.0,1155.0,2750.0,631.0,29.148658145958006,20.394294365318295,7.0,12.614533366215465,1.0,familia
263.0,594.0,282432.0,1343.0,2555.0,567.0,24.548342497837034,21.03895807541704,9.0,12.924165946401917,1.0,familia
248.0,448.0,309025.0,1399.0,2983.0,621.0,26.1140104345046,22.360093980154783,7.0,11.997744283805876,1.0,familia
237.0,465.0,243256.0,1155.0,2681.0,575.0,30.721960289870097,18.322703010992974,9.0,11.03562511979018,1.0,familia
237.0,537.0,377357.0,1035.0,2802.0,598.0,25.48211810017754,24.650979812460015,7.0,13.300498241765972,1.0,familia
236.0,561.0,365203.0,1012.0,2610.0,624.0,26.782021297471722,20.34908453846374,9.0,11.828376632061948,1.0,familia
229.0,544.0,331744.0,1048.0,2716.0,457.0,29.44629710111631,16.7808586636657,7.0,12.874280055577305,1.0,familia
226.0,408.0,356433.0,1034.0,2597.0,597.0,27.431122481669366,22.230465673180767,8.0,11.21700777581143,1.0,familia
175.0,456.0,370030.0,1219.0,2402.0,582.0,25.035094846347853,28.23024395068252,9.0,12.862655622251168,1.0,familia
275.0,465.0,302146.0,1089.0,2489.0,636.0,26.1558376574219,24.197920231646737,8.0,12.419283419891418,1.0,familia
262.0,499.0,349920.0,694.0,3084.0,593.0,29.32454845021255,18.880282218623407,7.0,12.776569152594927,1.0,familia
207.0,469.0,318697.0,1221.0,2638.0,607.0,27.094883007398675,29.210246755714827,9.0,12.442381202966414,1.0,familia
268.0,545.0,335549.0,939.0,2957.0,542.0,26.9079063957171,19.737172449941927,9.0,13.505142573278018,1.0,familia
221.0,568.0,328141.0,1065.0,2769.0,659.0,22.31717655458902,23.792200209549573,9.0,13.201172742310899,1.0,familia
224.0,486.0,303077.0,1102.0,2193.0,527.0,30.783515189674915,19.459115955045018,8.0,10.947272932183962,1.0,familia
219.0,570.0,350392.0,1003.0,3130.0,649.0,25.025505849474133,15.0,7.0,14.790942572590742,1.0,familia
181.0,389.0,350902.0,1441.0,2887.0,628.0,27.78426302499586,24.560246676340924,9.0,12.247314311999036,0.0,familia
243.0,438.0,298772.0,862.0,2472.0,550.0,22.689232048352686,22.539682453460436,8.0,13.8920022863446,1.0,familia
195.0,531.0,270700.0,1068.0,2654.0,551.0,26.31612651843788,17.997923515245386,9.0,12.660476206998846,1.0,familia
197.0,478.0,332099.0,1131.0,2881.0,606.0,24.71178337662424,22.36689250909685,9.0,13.043298029036388,1.0,familia
205.0,443.0,253895.0,1344.0,2151.0,565.0,23.844778203292407,24.684773130833324,9.0,14.319573046698656,1.0,familia
201.0,434.0,395805.0,933.0,2586.0,631.0,27.241397292354495,21.444137023366874,7.0,12.370179300266575,1.0,familia
263.0,601.0,287700.0,908.0,2475.0,728.0,23.588976296090806,26.9173504163322,8.0,13.476383953462102,0.0,familia
268.0,511.0,375135.0,1046.0,2442.0,570.0,22.9557298079214,20.052167364801978,7.0,11.276059733237744,1.0,familia
298.0,441.0,307769.0,1178.0,2521.0,626.0,23.2379792207619,22.508082472108235,7.0,11.08628550309502,1.0,familia
204.0,547.0,353652.0,1185.0,2194.0,584.0,29.63929309993755,22.425150740919715,8.0,11.75082075937087,1.0,familia
237.0,487.0,303901.0,1199.0,2767.0,560.0,22.006301139326666,16.49138388069011,8.0,13.007991326912544,1.0,familia
243.0,617.0,309757.0,1217.0,2522.0,595.0,28.757229448963304,21.129176367434045,9.0,13.068441006256155,1.0,familia
250.0,470.0,279770.0,1175.0,2248.0,601.0,25.97264301006739,25.257686697494734,7.0,12.974698232879954,1.0,familia
229.0,524.0,365608.0,1178.0,2502.0,534.0,22.804659010773882,21.084325886935996,8.0,13.0077576703115,1.0,familia
231.0,483.0,230981.0,968.0,2459.0,539.0,27.799786189988613,26.59225249703109,7.0,13.718761851697316,1.0,familia
222.0,561.0,315946.0,1052.0,2328.0,584.0,24.835469544376313,22.511248667126463,8.0,10.965701373615541,1.0,familia
302.0,478.0,272669.0,1037.0,2252.0,591.0,31.135125440427032,17.88429657120593,8.0,10.88643860212326,1.0,familia
206.0,537.0,285775.0,1355.0,2689.0,575.0,32.47192463979651,20.182855230989986,8.0,12.776543666892668,1.0,familia
257.0,481.0,279863.0,1164.0,2310.0,700.0,26.409605993248213,20.904035346063672,7.0,12.684680305864909,1.0,familia
182.0,426.0,358016.0,1008.0,2206.0,626.0,29.55711246398899,24.1568599319952,7.0,13.107131100783619,1.0,familia
275.0,462.0,299966.0,1285.0,2655.0,622.0,32.49500703470325,20.06944530885957,9.0,13.427840128081238,1.0,familia
283.0,507.0,331531.0,1250.0,2397.0,558.0,22.8655724179369,16.100930231871995,8.0,13.079442572867261,1.0,familia
235.0,467.0,298927.0,1143.0,2728.0,643.0,24.250767684293184,21.498634858640767,9.0,12.7825799504883,1.0,familia
247.0,520.0,336515.0,1264.0,2550.0,535.0,27.199063855257926,20.045929318624513,9.0,12.530478850265665,1.0,familia
177.0,496.0,378088.0,1133.0,3228.0,628.0,20.71771172253255,24.260024863313596,8.0,12.881158384882777,1.0,familia
225.0,412.0,301639.0,980.0,2337.0,629.0,31.00971351305422,23.184014589468944,8.0,11.985358450781852,1.0,familia
290.0,458.0,318987.0,1230.0,2102.0,511.0,21.423031056289716,25.787752310281547,9.0,12.68111651021106,1.0,familia
200.0,448.0,317382.0,1315.0,3061.0,703.0,29.625098691779428,25.072187577434388,7.0,13.092526949201183,1.0,familia
201.0,479.0,303192.0,1036.0,2694.0,647.0,26.265220658875542,26.432590243165784,8.0,12.068204211359793,1.0,familia
198.0,475.0,305130.0,1311.0,2676.0,548.0,31.562277699002564,25.66310108657606,7.0,13.082097703468616,1.0,familia
216.0,539.0,385383.0,1316.0,2363.0,544.0,26.422658740733613,16.694681903311444,7.0,13.532963947152806,1.0,familia
223.0,508.0,288691.0,936.0,1695.0,598.0,31.316754790009234,26.98377764364361,9.0,12.042903743413728,1.0,familia
195.0,496.0,340643.0,1271.0,2471.0,589.0,23.366052239730315,19.51935893788042,9.0,11.659718569342871,1.0,familia
197.0,562.0,299155.0,1097.0,2290.0,478.0,28.652136189083148,24.2105316912773,7.0,12.218672442881786,1.0,familia
242.0,439.0,277589.0,1128.0,2821.0,549.0,26.185039549543916,23.28644950099172,7.0,13.193105607263144,1.0,familia
201.0,484.0,267114.0,691.0,2622.0,645.0,18.911202693374484,18.970807885870187,8.0,11.789239896450821,1.0,familia
232.0,469.0,364995.0,1009.0,2276.0,575.0,23.14001417522386,22.368010947984388,7.0,14.12467845846956,1.0,familia
219.0,394.0,345324.0,1089.0,2449.0,759.0,26.89625872509706,19.744626849714447,9.0,13.809472896350712,0.0,familia
210.0,486.0,252468.0,1228.0,2312.0,693.0,29.240144197143945,20.658034313023748,9.0,13.781016361735112,1.0,familia
246.0,433.0,284258.0,1244.0,2406.0,579.0,23.134632261951943,23.270797196780382,8.0,11.76419608495717,1.0,familia
237.0,481.0,366488.0,1088.0,2626.0,546.0,27.284921291622947,21.438567204986352,7.0,13.485729995679863,1.0,familia
242.0,552.0,305277.0,802.0,2329.0,664.0,25.931395813103354,19.002093303115267,9.0,11.995225078771783,1.0,familia
221.0,459.0,294329.0,970.0,2952.0,583.0,29.651475562476488,26.563948155767356,8.0,12.396976798602784,0.0,familia
272.0,430.0,322974.0,934.0,2832.0,576.0,26.603478967618518,22.849863614638426,7.0,12.241095026295923,1.0,familia
260.0,405.0,315055.0,1371.0,2219.0,566.0,27.541723548976744,22.538745345818793,9.0,13.223610587228874,1.0,familia
253.0,502.0,300349.0,1194.0,3031.0,593.0,23.076412085988075,25.321242007860917,8.0,12.379618836046403,1.0,familia
211.0,475.0,323279.0,1126.0,2698.0,578.0,27.539317394528247,21.221359967248247,9.0,13.38866275355096,1.0,familia
211.0,500.0,383527.0,1068.0,2402.0,599.0,25.090460651497175,24.39982570582615,7.0,10.883689391563411,1.0,familia
263.0,574.0,305822.0,1076.0,2519.0,658.0,23.217940597428278,22.715106948204355,7.0,12.765155527298887,1.0,familia
252.0,490.0,350041.0,721.0,2689.0,567.0,20.50810130943063,23.53360779857494,9.0,13.873658545162957,1.0,familia
286.0,552.0,375598.0,1203.0,2521.0,519.0,25.261812535610154,19.470260214051425,8.0,12.924234259711898,1.0,familia
235.0,482.0,377802.0,1012.0,2554.0,562.0,22.03993246633788,20.164692727284145,7.0,12.462963202951588,1.0,familia
180.0,475.0,249811.0,1206.0,2523.0,527.0,25.07237276885041,19.743530783228252,9.0,12.98014613622237,1.0,familia
208.0,465.0,274352.0,798.0,2298.0,589.0,23.038461418546447,21.606229098723087,7.0,12.576851882958769,1.0,familia
235.0,504.0,266384.0,1297.0,2472.0,600.0,28.12464326976967,22.699648393790504,8.0,12.88153856258933,1.0,familia
252.0,417.0,314342.0,1095.0,2441.0,593.0,20.354452863507085,20.353825276777116,7.0,12.592844901141115,1.0,familia
274.0,432.0,348778.0,1159.0,2319.0,688.0,22.41908950473056,24.757462520830003,8.0,12.234230413506017,1.0,familia
280.0,495.0,320412.0,1081.0,2727.0,639.0,20.754404080285457,25.913020728634457,9.0,10.837508011964326,1.0,familia
191.0,457.0,265771.0,1069.0,2413.0,638.0,29.930926238358825,26.18705143236987,8.0,12.349394080563156,1.0,familia
205.0,533.0,374623.0,927.0,2334.0,598.0,26.84048347645882,19.571189440235063,8.0,12.92406104446409,1.0,familia
249.0,480.0,292544.0,1084.0,2475.0,581.0,25.223611811998694,26.79594151151415,7.0,12.406565929083001,1.0,familia
238.0,544.0,324785.0,1084.0,2625.0,521.0,22.619697593270583,18.418224980802833,8.0,12.642943094763707,1.0,familia
252.0,507.0,237957.0,1024.0,2279.0,568.0,25.495568544245632,20.58372826690862,7.0,12.561115609367388,1.0,familia
247.0,420.0,319569.0,1390.0,2242.0,473.0,25.14198733435967,25.302878904995712,8.0,14.458347454220593,1.0,familia
213.0,474.0,415773.0,889.0,2571.0,623.0,29.25735897481804,22.293949460412687,7.0,12.138236931163187,1.0,familia
239.0,514.0,295215.0,1152.0,2491.0,656.0,25.845818829234542,16.680902595379358,7.0,13.761921500713992,1.0,familia
209.0,555.0,224573.0,1500.0,2795.0,611.0,25.83531799815114,22.856662224572972,9.0,12.914698528730886,0.0,familia
269.0,532.0,279084.0,1156.0,2227.0,531.0,24.119848326230105,24.587180417148275,7.0,11.964386661574588,1.0,familia
229.0,431.0,303477.0,995.0,2310.0,592.0,23.622740237000116,21.076115411082878,9.0,12.530190787210156,1.0,familia
251.0,480.0,277316.0,1192.0,2762.0,519.0,23.711825664301358,19.692572950638105,9.0,11.560096898891135,0.0,familia
259.0,469.0,299419.0,819.0,2677.0,538.0,26.179797890798984,22.832130813874574,8.0,11.645327055028583,1.0,familia
241.0,313.0,317353.0,1352.0,2846.0,610.0,24.525091443103857,24.42136778991193,9.0,11.526453800295531,1.0,familia
267.0,631.0,325696.0,1028.0,2492.0,511.0,23.915860606732824,20.77215268566069,8.0,11.873809967778433,1.0,familia
230.0,461.0,316207.0,1215.0,2257.0,567.0,25.088821913670007,17.962387229580354,9.0,11.680742140278502,1.0,familia
239.0,490.0,344035.0,1080.0,2609.0,594.0,26.796087048198885,20.251724027165253,8.0,14.06877860410285,1.0,familia
183.0,533.0,359445.0,1112.0,2555.0,569.0,25.05178143191885,23.847313449313425,7.0,13.703884437168817,1.0,familia
230.0,513.0,252245.0,778.0,2345.0,538.0,24.475579407058067,21.556659043547587,9.0,13.735121821948528,1.0,familia
218.0,514.0,264446.0,1245.0,2478.0,633.0,22.784428300879533,17.338723701951807,7.0,13.31788965802503,1.0,familia
199.0,541.0,262423.0,1329.0,2247.0,631.0,25.014144572753047,23.80956229324703,8.0,10.756151883367103,1.0,familia
234.0,467.0,270226.0,741.0,2446.0,720.0,28.35381286369407,21.942218860796817,9.0,12.237109170791733,1.0,familia
188.0,541.0,338615.0,1200.0,2622.0,600.0,28.01858370790046,23.775442401224133,7.0,13.480853449137475,1.0,familia
204.0,411.0,251298.0,1123.0,2514.0,608.0,26.731859593725503,21.330393236095585,8.0,13.989863438602082,1.0,familia
226.0,389.0,302965.0,1332.0,2505.0,611.0,22.21950570448226,20.15091577588157,7.0,12.838814600810737,1.0,familia
195.0,418.0,319860.0,1169.0,2819.0,679.0,22.954717424516396,19.567427466368986,9.0,11.242422141085385,1.0,familia
264.0,475.0,297206.0,1121.0,2266.0,704.0,21.177016918645826,22.554221736687172,8.0,11.970062230537511,1.0,familia
237.0,470.0,364913.0,790.0,2929.0,528.0,25.200043012296756,20.712266739104013,9.0,13.08855326977072,1.0,familia
174.0,505.0,390972.0,909.0,2553.0,566.0,27.277661618579106,22.057443332247257,9.0,12.415110181497647,1.0,familia
186.0,519.0,258269.0,966.0,2632.0,674.0,27.06684004635698,21.060825908430537,7.0,12.499291405423355,1.0,familia
186.0,513.0,345293.0,1036.0,2368.0,613.0,24.689840791878215,21.801602156122534,8.0,11.703829295306255,1.0,familia
241.0,520.0,302751.0,1009.0,2869.0,670.0,24.198729302783885,16.400380145918152,9.0,13.507513689836923,1.0,familia
161.0,529.0,261553.0,1202.0,2503.0,552.0,24.77889106121966,24.058955370870102,9.0,10.959752367968923,1.0,familia
299.0,568.0,314174.0,974.0,2127.0,590.0,28.764950335773378,21.6173526388674,8.0,14.011154930247347,1.0,familia
186.0,499.0,345475.0,1041.0,1770.0,609.0,27.31021565520053,23.212884264885094,8.0,13.53704728873993,1.0,familia
255.0,382.0,322786.0,1029.0,2477.0,617.0,24.53831430765934,19.972875762515166,9.0,12.534152417488025,1.0,familia
250.0,523.0,299938.0,1016.0,2898.0,686.0,28.936574152345386,22.255954427695073,9.0,11.691734278359073,1.0,familia
244.0,557.0,336018.0,889.0,2794.0,550.0,24.848086184142947,22.750600618755083,8.0,10.190816268715135,0.0,familia
235.0,509.0,345506.0,1055.0,3002.0,611.0,27.49322926727418,23.997772756163386,7.0,12.921586610614456,1.0,familia
210.0,419.0,327580.0,1209.0,2628.0,683.0,25.98321194351286,24.006224966777538,8.0,12.954183167189838,1.0,familia
211.0,463.0,307136.0,887.0,2400.0,644.0,27.7256150483197,23.501997164143628,7.0,12.54977368718096,1.0,familia
254.0,503.0,329680.0,1026.0,1897.0,654.0,24.563487631974787,19.411672707870636,7.0,12.876574015139123,1.0,familia
258.0,517.0,255361.0,1269.0,2573.0,581.0,26.430165402026752,16.67129430130504,8.0,12.908652811480671,1.0,familia
176.0,541.0,284829.0,1314.0,2349.0,514.0,22.650426680154023,25.707434860020815,7.0,13.041056763492637,1.0,familia
224.0,541.0,367939.0,1049.0,2128.0,579.0,26.78084151974866,19.108723221368166,8.0,11.542849085104956,0.0,familia
206.0,429.0,269841.0,1129.0,2519.0,563.0,26.530462616418195,20.359959746238204,8.0,12.228344889673947,1.0,familia
184.0,525.0,342455.0,939.0,2729.0,676.0,22.632365581266757,19.24749153695721,8.0,12.285089644849922,1.0,familia
239.0,537.0,356783.0,1067.0,2487.0,523.0,27.542764268053503,23.71617232514243,8.0,12.43780898300069,1.0,familia
249.0,423.0,309057.0,1075.0,2563.0,581.0,25.605582212984995,24.47814151432452,7.0,14.177462930312606,1.0,familia
212.0,576.0,365258.0,919.0,2693.0,574.0,26.79046164599318,22.882672387040483,9.0,12.265592199683677,1.0,familia
202.0,442.0,273352.0,983.0,2481.0,564.0,28.04615619713786,26.46173846600778,8.0,12.907876782375322,1.0,familia
245.0,484.0,339707.0,1167.0,2153.0,643.0,28.661872511800226,19.710141687464255,8.0,12.537937835447602,0.0,familia
267.0,610.0,278560.0,906.0,2585.0,636.0,25.307400878465693,26.359781989963103,8.0,13.33070985049609,1.0,familia
194.0,589.0,279333.0,1023.0,2740.0,580.0,25.863766346203285,22.07616526162723,7.0,10.580326843802343,1.0,familia
212.0,559.0,259739.0,1213.0,2421.0,586.0,28.371115688155133,23.020153883706673,9.0,11.80564202926662,1.0,familia
241.0,420.0,276983.0,1500.0,2848.0,532.0,22.03262612976929,23.445598185155475,8.0,13.047264797377967,0.0,familia
225.0,498.0,313435.0,789.0,2435.0,557.0,26.525634256725535,30.95577700781023,7.0,12.917673698483787,1.0,familia
259.0,503.0,334274.0,1387.0,2183.0,623.0,23.220856610055385,23.666537939026746,7.0,11.581313488513906,1.0,familia
264.0,530.0,260171.0,1107.0,2301.0,537.0,25.348948848726888,21.07455163463254,8.0,11.082376065815229,1.0,familia
250.0,404.0,287409.0,1242.0,3084.0,520.0,20.360226844582865,27.612895526115345,9.0,12.889614177370904,1.0,familia
150.0,480.0,323112.0,1229.0,2216.0,604.0,23.223726121821237,22.766151267022952,8.0,12.933489717448522,1.0,familia
201.0,527.0,300615.0,1105.0,2094.0,585.0,25.849386148874764,29.862379273089925,8.0,11.388032974225837,1.0,familia
239.0,576.0,324884.0,1154.0,2485.0,661.0,29.28940770143265,20.122968137511364,8.0,12.833727863561872,1.0,familia
219.0,435.0,307459.0,1273.0,2371.0,597.0,26.174068204425186,24.545292646615856,9.0,10.253110666015395,1.0,familia
208.0,491.0,358003.0,1031.0,1974.0,630.0,24.093912833523113,18.431000022728917,8.0,12.313228085804708,1.0,familia
208.0,529.0,360995.0,1191.0,2181.0,589.0,25.980436054311625,23.79638316868573,8.0,13.16834048871808,1.0,familia
246.0,560.0,338180.0,1210.0,2523.0,670.0,27.22928838787849,19.416736269479287,8.0,11.77936032816805,1.0,familia
248.0,496.0,328527.0,1127.0,2587.0,684.0,29.214629456704657,22.571906773795074,8.0,13.441310580767484,1.0,familia
441.0,634.0,373380.0,821.0,2818.0,652.0,26.88847570422991,19.783298942464075,8.0,10.353150479640714,1.0,desempenho
361.0,586.0,503560.0,961.0,3560.0,660.0,30.563575681199847,20.72419829881406,8.0,13.06829700100381,1.0,desempenho
307.0,587.0,452847.0,786.0,3362.0,617.0,30.544522638000004,20.302430055694472,8.0,12.855154180615715,1.0,desempenho
394.0,668.0,390363.0,778.0,2513.0,720.0,23.305591685913836,24.286032598323924,7.0,11.6838621407013,0.0,desempenho
345.0,701.0,438428.0,937.0,3364.0,607.0,30.270366039960948,25.837406382040808,8.0,11.883195817604781,1.0,desempenho
337.0,647.0,412602.0,940.0,3700.0,764.0,24.06334241970578,25.866209970918145,8.0,13.594719983442491,1.0,desempenho
377.0,726.0,530674.0,1022.0,3287.0,762.0,28.434663499290675,24.071709129854867,8.0,14.122526139911304,1.0,desempenho
337.0,684.0,343038.0,944.0,2464.0,737.0,30.655694448966972,22.22293213304384,7.0,12.1482572351467,1.0,desempenho
312.0,753.0,527942.0,900.0,3554.0,780.0,25.772547302384847,22.544082493896394,7.0,10.552799758713036,1.0,desempenho
376.0,789.0,390796.0,859.0,3319.0,793.0,30.561927929656672,25.24459650108573,8.0,12.555946236141727,1.0,desempenho
246.0,629.0,433272.0,761.0,3335.0,687.0,33.26642709494647,28.719059175644567,7.0,11.031077518236463,1.0,desempenho
353.0,570.0,454249.0,975.0,2918.0,753.0,26.105266812504006,24.759495714113942,8.0,12.984412815134947,1.0,desempenho
336.0,636.0,408677.0,810.0,3138.0,607.0,26.526538758573686,23.14537351989099,6.0,9.957344080703987,0.0,desempenho
339.0,565.0,362687.0,841.0,3076.0,653.0,24.11165000725032,22.631637517577435,6.0,12.217711944136767,0.0,desempenho
341.0,585.0,418270.0,798.0,3400.0,592.0,26.921110982642613,24.903322017575228,7.0,10.601194091653602,1.0,desempenho
442.0,706.0,446513.0,944.0,3337.0,584.0,27.16334981754773,26.535473913552963,6.0,14.043235786017524,1.0,desempenho
356.0,737.0,416589.0,1014.0,3071.0,597.0,25.226602035611336,28.688666305524592,6.0,11.671208301804835,1.0,desempenho
445.0,763.0,542032.0,880.0,3303.0,609.0,32.43080327835482,20.496661346196195,6.0,10.450169277878159,1.0,desempenho
373.0,607.0,390348.0,834.0,3491.0,633.0,28.6616242810416,27.653877456916675,7.0,11.384164362583924,1.0,desempenho
413.0,663.0,390783.0,958.0,2814.0,740.0,29.225821923105304,23.076574586583348,6.0,12.355421765677216,1.0,desempenho
376.0,605.0,445211.0,649.0,2995.0,698.0,25.2709497490545,21.190480875631213,6.0,11.198664532237336,0.0,desempenho
259.0,501.0,386622.0,954.0,2238.0,670.0,26.421256430447738,28.165013334625343,8.0,11.280760207391618,1.0,desempenho
310.0,703.0,431846.0,960.0,4000.0,574.0,33.17408994928333,23.137657441798932,6.0,12.344794685283611,1.0,desempenho
334.0,673.0,336555.0,990.0,3054.0,632.0,26.64996142601256,27.771447650587717,8.0,12.39001696350785,1.0,desempenho
364.0,667.0,413607.0,925.0,3752.0,759.0,30.60746377749069,22.633381421928387,8.0,12.39760997613521,1.0,desempenho
384.0,711.0,500996.0,827.0,3119.0,601.0,26.82258668181738,26.98971153173834,8.0,11.440205544926162,1.0,desempenho
388.0,636.0,437823.0,762.0,3229.0,520.0,27.439311525514047,19.10858026885458,7.0,12.989698807886757,1.0,desempenho
396.0,583.0,516104.0,1011.0,3117.0,768.0,24.681119462765096,21.52645751541698,6.0,11.26969233211236,1.0,desempenho
415.0,631.0,439387.0,831.0,2562.0,716.0,22.26323507374067,23.794097861743595,7.0,10.549158723612978,1.0,desempenho
349.0,713.0,425816.0,1051.0,2903.0,732.0,28.59943130115614,24.79206024400101,7.0,13.526824200128122,0.0,desempenho
285.0,582.0,413251.0,911.0,2804.0,844.0,32.54918216576072,25.80635496117745,6.0,12.50801033833029,1.0,desempenho
453.0,668.0,351703.0,940.0,3145.0,585.0,25.418844967661492,22.75918339973507,6.0,14.265225188808229,1.0,desempenho
381.0,541.0,479548.0,843.0,3167.0,779.0,24.13850929424725,19.808645444661025,8.0,10.706325420043543,1.0,desempenho
331.0,543.0,264231.0,845.0,3393.0,772.0,26.610515913743804,22.765720178651993,7.0,13.384680881106897,1.0,desempenho
368.0,681.0,391960.0,904.0,2329.0,660.0,29.360526137663403,21.05311789723596,8.0,14.068158408080524,1.0,desempenho
382.0,582.0,408636.0,973.0,3254.0,664.0,28.67264921287238,26.143829371909852,7.0,9.540070465707027,0.0,desempenho
379.0,733.0,344557.0,814.0,3099.0,652.0,33.20480972751042,21.429683718519623,7.0,11.801366218376007,1.0,desempenho
329.0,672.0,401692.0,888.0,3014.0,609.0,28.964779634017717,29.264799214941725,8.0,12.022081956940125,1.0,desempenho
370.0,698.0,350186.0,1104.0,3270.0,797.0,25.80090101342803,29.454185767673472,8.0,11.641683914868448,0.0,desempenho
372.0,734.0,427719.0,663.0,2808.0,688.0,28.929996949496665,23.830234533300313,7.0,13.462764947752396,1.0,desempenho
278.0,703.0,414804.0,950.0,2897.0,776.0,31.125173992176553,25.750632909035662,8.0,13.616003668505838,1.0,desempenho
338.0,765.0,478883.0,812.0,3326.0,622.0,29.717170933527026,25.351810238587618,7.0,9.756220392561403,1.0,desempenho
337.0,640.0,460680.0,670.0,3661.0,704.0,26.76552056631346,23.732297537335654,7.0,11.954915226024623,1.0,desempenho
361.0,681.0,472335.0,777.0,3365.0,683.0,30.54031232564948,17.618317738945514,6.0,13.452292200608252,0.0,desempenho
347.0,600.0,380830.0,886.0,2886.0,750.0,26.892378398657662,15.279035342035076,7.0,11.550213532053833,1.0,desempenho
304.0,657.0,493075.0,937.0,2987.0,727.0,26.622729069343023,21.916198892510565,7.0,14.037711487600479,1.0,desempenho
321.0,643.0,397121.0,786.0,3412.0,620.0,30.328083741530428,20.993348943219825,7.0,11.097077715176358,1.0,desempenho
403.0,686.0,473813.0,962.0,2813.0,680.0,25.65940261264761,27.99172471211712,7.0,11.547959484115722,0.0,desempenho
350.0,712.0,520629.0,850.0,3449.0,836.0,26.14707496919891,19.39487925740292,7.0,9.743987959310683,1.0,desempenho
343.0,680.0,430184.0,951.0,3277.0,776.0,25.14305085778361,21.969014584624407,8.0,12.703599570693765,1.0,desempenho
342.0,713.0,444817.0,1042.0,2787.0,800.0,32.56971586513677,26.20686599173724,7.0,14.138158690525271,1.0,desempenho
326.0,700.0,362242.0,990.0,3679.0,741.0,28.851253070984505,21.036379977297752,8.0,11.656597635974435,0.0,desempenho
264.0,620.0,308580.0,771.0,3868.0,623.0,28.568439463663243,27.022331919585596,8.0,10.494092798397249,1.0,desempenho
368.0,715.0,420687.0,1244.0,2615.0,763.0,27.481594787810607,26.315760464510024,6.0,10.802790512711221,1.0,desempenho
406.0,692.0,436398.0,976.0,3570.0,722.0,28.44426825939483,21.356794990016123,7.0,11.14533508362114,1.0,desempenho
349.0,653.0,370246.0,1040.0,3432.0,816.0,25.365030768460784,22.86597630294535,6.0,11.087772661245497,1.0,desempenho
372.0,711.0,459662.0,790.0,3674.0,770.0,28.40288949174338,24.23879358712811,7.0,12.664869325339088,1.0,desempenho
263.0,711.0,334117.0,1080.0,3084.0,687.0,26.116798281746483,23.13588337823377,6.0,11.962185210692372,1.0,desempenho
372.0,739.0,438591.0,755.0,2823.0,800.0,25.163479360171806,20.53994846821212,6.0,13.364777450837675,1.0,desempenho
369.0,578.0,480545.0,1027.0,3386.0,721.0,33.28356437460212,23.999058982164676,7.0,11.448541270605892,1.0,desempenho
281.0,624.0,442904.0,893.0,2856.0,767.0,34.960122166051775,24.588394377071722,7.0,10.9151180523168,1.0,desempenho
409.0,683.0,419867.0,829.0,2817.0,750.0,30.741314864156756,19.3628106399278,8.0,12.41409045233502,1.0,desempenho
417.0,747.0,346182.0,736.0,3147.0,730.0,33.38908246878089,26.118236741445394,6.0,11.70878246782556,1.0,desempenho
313.0,736.0,366941.0,1095.0,3100.0,795.0,30.036793870177835,23.589013531672624,6.0,12.261630110559079,0.0,desempenho
315.0,608.0,410890.0,909.0,2454.0,727.0,25.06083632584958,20.540002790382765,6.0,9.975186783467148,0.0,desempenho
279.0,555.0,381003.0,1134.0,3015.0,710.0,29.201444159518985,24.393195558647545,6.0,14.933499303099007,1.0,desempenho
335.0,532.0,363678.0,866.0,2862.0,730.0,25.81518339278016,30.49516820341981,8.0,13.428658313212315,1.0,desempenho
409.0,610.0,375108.0,909.0,3501.0,708.0,23.26901055342701,21.591526668147473,6.0,11.73397370400112,1.0,desempenho
379.0,472.0,457513.0,915.0,3122.0,822.0,25.975197943628345,22.79077203280491,7.0,10.48237628189273,1.0,desempenho
428.0,708.0,431429.0,744.0,3013.0,663.0,27.768336864330863,25.277530975889487,7.0,12.501846907065566,1.0,desempenho
371.0,746.0,444430.0,1032.0,3363.0,780.0,29.566751908053334,23.706254260671287,7.0,10.387146445833787,1.0,desempenho
382.0,559.0,436099.0,917.0,2985.0,708.0,32.765880784130786,26.086207423650897,6.0,10.630789788296713,1.0,desempenho
342.0,621.0,393729.0,749.0,3155.0,666.0,19.211653929993197,30.15891607350499,7.0,11.762677146353262,1.0,desempenho
368.0,768.0,524350.0,918.0,3558.0,710.0,23.989823683372208,22.764529893109028,8.0,12.158313560126349,0.0,desempenho
339.0,634.0,414973.0,890.0,3218.0,636.0,25.848951552616192,20.146247202900092,8.0,12.382992348110388,1.0,desempenho
428.0,696.0,369148.0,708.0,3085.0,687.0,29.48859756208995,22.394049862297024,7.0,10.315198444342682,0.0,desempenho
479.0,637.0,400382.0,1041.0,2980.0,702.0,28.153593705643257,22.494647421565404,7.0,10.353041342539079,0.0,desempenho
382.0,612.0,487145.0,794.0,3799.0,595.0,29.304310193670673,25.42629204757987,8.0,12.19166127441852,1.0,desempenho
343.0,739.0,298074.0,960.0,2327.0,642.0,32.88749909470283,22.254653899823836,7.0,10.591344042709233,1.0,desempenho
277.0,576.0,502358.0,1122.0,3163.0,625.0,34.287530505427476,28.783327175247592,6.0,13.445609327992445,1.0,desempenho
331.0,711.0,360744.0,1065.0,3309.0,741.0,32.39962257783581,20.665259251459347,6.0,11.957009305552244,1.0,desempenho
375.0,825.0,318795.0,896.0,3424.0,707.0,27.660615842452778,20.102350909662526,6.0,13.023114963954123,1.0,desempenho
455.0,717.0,422841.0,927.0,3576.0,713.0,30.712052664283945,23.10755339737845,8.0,13.574380486288735,0.0,desempenho
302.0,670.0,374242.0,823.0,2914.0,636.0,34.37431420905089,27.99401718596521,7.0,11.129883934830987,1.0,desempenho
369.0,654.0,348857.0,816.0,2878.0,774.0,26.81131096569472,27.205138001082048,8.0,12.724945067506221,1.0,desempenho
463.0,546.0,489257.0,1037.0,2859.0,760.0,29.008434889078686,23.317571220139776,6.0,11.431362155808566,0.0,desempenho
351.0,677.0,458107.0,988.0,2854.0,682.0,31.584288585630812,26.683941562721618,7.0,12.026644721451165,1.0,desempenho
294.0,782.0,367865.0,799.0,3467.0,607.0,26.101734910344884,25.789323412745258,8.0,11.238856982772717,1.0,desempenho
378.0,668.0,401348.0,944.0,3156.0,727.0,26.509203924646066,23.452293076861377,7.0,11.649589745384368,1.0,desempenho
339.0,668.0,431700.0,993.0,3049.0,724.0,29.65239271682099,25.334321423494785,8.0,11.009215580637429,1.0,desempenho
360.0,503.0,428826.0,1165.0,3073.0,656.0,29.120045679134194,24.937134631399715,6.0,11.845320979058172,1.0,desempenho
375.0,701.0,452473.0,882.0,3318.0,761.0,30.61694614008535,20.570942063778816,8.0,12.984189824106581,1.0,desempenho
363.0,639.0,485543.0,889.0,2808.0,676.0,28.536084150431428,27.68764435289115,6.0,12.109321039927346,1.0,desempenho
401.0,634.0,478584.0,1074.0,2879.0,649.0,27.57887482328399,24.922838004567588,8.0,10.77289757967349,1.0,desempenho
346.0,679.0,422169.0,727.0,2739.0,716.0,21.602213121535492,27.037912228932214,7.0,11.810215386753216,1.0,desempenho
351.0,642.0,474756.0,1104.0,2626.0,592.0,26.133895583336855,25.748212749521592,8.0,10.805515676370304,1.0,desempenho
442.0,710.0,374449.0,657.0,3250.0,747.0,27.633828603636168,22.62645484145253,6.0,11.808765321424913,1.0,desempenho
396.0,737.0,395347.0,816.0,2510.0,706.0,34.126228120431236,24.83207538589403,7.0,11.973265224979544,0.0,desempenho
323.0,707.0,432416.0,902.0,2858.0,778.0,29.99410823599933,22.341237487898095,7.0,10.723452460677562,1.0,desempenho
324.0,526.0,445934.0,680.0,2770.0,575.0,27.74179092162732,23.549038619184383,6.0,11.607964544176363,1.0,desempenho
380.0,611.0,437399.0,793.0,3263.0,778.0,29.75849740117835,22.762758545350557,6.0,13.88383972351196,0.0,desempenho
363.0,638.0,431665.0,780.0,2844.0,616.0,23.199186686488872,20.348151923338563,7.0,12.191355008164955,1.0,desempenho
355.0,623.0,413194.0,852.0,2785.0,676.0,28.807884257742202,23.865320909632388,8.0,12.219001236719055,1.0,desempenho
307.0,684.0,485004.0,957.0,3129.0,668.0,31.10826295313877,19.731075224214983,7.0,12.357125931356547,0.0,desempenho
311.0,582.0,402933.0,826.0,2951.0,758.0,23.884770612209483,28.82634256720312,7.0,12.993875628221547,0.0,desempenho
353.0,549.0,391143.0,959.0,3653.0,633.0,26.9034821890442,23.546102339302433,7.0,11.274998876020975,1.0,desempenho
297.0,618.0,376586.0,899.0,3124.0,677.0,25.81461513495897,24.958574012348866,8.0,13.984340722190742,1.0,desempenho
284.0,671.0,429654.0,678.0,2888.0,696.0,29.60887272855157,17.41161653670016,8.0,11.80545122942417,1.0,desempenho
391.0,690.0,376003.0,671.0,3062.0,760.0,32.18036358257329,26.131647306893356,8.0,11.600811383324192,1.0,desempenho
409.0,766.0,368159.0,1093.0,3087.0,779.0,23.779554971507388,25.757712603493946,7.0,11.115875836862854,1.0,desempenho
405.0,590.0,337554.0,888.0,3169.0,732.0,30.848783714093464,23.821754456182518,7.0,10.783432880832164,1.0,desempenho
398.0,631.0,401498.0,1015.0,3361.0,629.0,28.51676315923311,26.01459351518716,8.0,13.833637631265399,0.0,desempenho
362.0,677.0,488722.0,740.0,3077.0,653.0,29.137459356178372,27.690666526952363,7.0,13.397500165442338,1.0,desempenho
356.0,687.0,443550.0,866.0,2752.0,730.0,25.497154569896125,30.552290200141368,6.0,12.68460865002542,1.0,desempenho
355.0,633.0,481425.0,922.0,2943.0,813.0,28.147924994560668,26.306519027906692,6.0,11.559515512821994,1.0,desempenho
328.0,791.0,490985.0,852.0,2814.0,720.0,28.26009309824319,25.06700684568969,8.0,12.229892875432908,1.0,desempenho
385.0,576.0,494940.0,1096.0,4000.0,632.0,28.728646039450826,17.753703890433037,6.0,11.373711899873964,1.0,desempenho
382.0,784.0,377396.0,697.0,3035.0,581.0,30.25329836352193,17.80475086123104,8.0,12.03414909741979,1.0,desempenho
266.0,627.0,510385.0,943.0,2897.0,698.0,28.05405061613334,25.417891037530218,7.0,11.880036264219717,1.0,desempenho
288.0,615.0,454832.0,902.0,2708.0,640.0,28.59604002864222,23.762797974406332,8.0,11.305051068437104,1.0,desempenho
336.0,643.0,539346.0,729.0,2551.0,747.0,25.96407081611769,23.04528741677214,7.0,12.260899890824057,0.0,desempenho
358.0,601.0,431261.0,991.0,2634.0,717.0,30.797304612864004,22.75469913310989,7.0,10.87144765225709,1.0,desempenho
361.0,642.0,441631.0,811.0,3263.0,727.0,28.584527020810413,20.94091404087343,7.0,12.24763412559054,0.0,desempenho
403.0,633.0,461244.0,933.0,2867.0,719.0,25.02491000967907,22.101359175345625,8.0,12.916437259017655,1.0,desempenho
410.0,690.0,381239.0,715.0,3149.0,673.0,28.33942137115907,22.9106500165333,6.0,9.591051767105988,0.0,desempenho
342.0,628.0,454851.0,816.0,3787.0,585.0,31.93350249340787,23.327043087365684,8.0,12.095707832279059,0.0,desempenho
321.0,729.0,398695.0,768.0,3697.0,693.0,28.664675420872634,27.704255742134386,8.0,10.761653709486678,0.0,desempenho
386.0,608.0,412730.0,908.0,2674.0,653.0,32.053218677239414,26.658573565754388,8.0,13.454590426260397,1.0,desempenho
337.0,635.0,432751.0,1037.0,2927.0,793.0,23.40861577076987,28.888926393338394,6.0,11.55278929925763,1.0,desempenho
349.0,517.0,394986.0,775.0,2987.0,691.0,30.873374843418716,24.622810054201878,6.0,14.021218219349977,1.0,desempenho
405.0,598.0,511091.0,870.0,3200.0,764.0,31.81567726581597,23.667562319162737,8.0,11.534108335774153,1.0,desempenho
400.0,650.0,454038.0,1096.0,3333.0,718.0,23.443267524729798,16.10780958951281,7.0,11.081028023929546,1.0,desempenho
358.0,719.0,408057.0,963.0,3032.0,661.0,28.25250469055709,24.038485930631055,6.0,12.5757924424402,1.0,desempenho
340.0,705.0,403644.0,870.0,3545.0,657.0,23.3715903452713,23.51810664142352,6.0,12.551736700860376,1.0,desempenho
352.0,649.0,436883.0,1117.0,3079.0,716.0,26.472359912202595,21.46092084033908,6.0,11.298110815898676,1.0,desempenho
338.0,675.0,549199.0,814.0,3054.0,696.0,29.187396546129243,24.790652435864356,7.0,9.950256726470244,1.0,desempenho
364.0,606.0,447173.0,557.0,2900.0,632.0,27.230977964882523,22.385856724529585,8.0,11.80837777501404,1.0,desempenho
379.0,653.0,450708.0,1122.0,3031.0,719.0,22.588411622312904,16.82413138706093,6.0,13.01372925093804,0.0,desempenho
332.0,540.0,355129.0,1072.0,3078.0,787.0,27.765308022824446,18.47430668112643,8.0,13.070481119678064,1.0,desempenho
361.0,541.0,429036.0,1163.0,3372.0,696.0,31.226030205870693,24.632005395609333,6.0,13.268419539537762,1.0,desempenho
368.0,591.0,498347.0,888.0,2889.0,759.0,27.139617292785193,26.278544662458323,8.0,11.649889641289755,1.0,desempenho
427.0,692.0,447973.0,848.0,2680.0,687.0,31.619824464591744,19.41849643023106,7.0,11.541327313720618,1.0,desempenho
329.0,620.0,344891.0,783.0,3446.0,621.0,23.206383596515487,22.109925061398318,6.0,12.878346603011815,1.0,desempenho
361.0,527.0,447208.0,946.0,3056.0,760.0,24.617511703140885,27.38372697976071,6.0,9.934589009652331,1.0,desempenho
318.0,596.0,476996.0,828.0,3515.0,801.0,26.7946149191751,26.044086979725915,7.0,10.61556926239217,0.0,desempenho
381.0,604.0,328640.0,960.0,2477.0,680.0,30.82354559925991,24.575693207619107,7.0,12.389110555242237,1.0,desempenho
462.0,646.0,332980.0,787.0,3003.0,577.0,28.142480404754927,23.25278446604088,6.0,9.992527318426111,0.0,desempenho
378.0,700.0,432486.0,861.0,3407.0,740.0,28.922210709159064,21.526163248695717,8.0,14.230773233332105,1.0,desempenho
404.0,613.0,421782.0,819.0,3278.0,595.0,26.361874603549836,20.723636398954298,7.0,12.16240601747075,0.0,desempenho
253.0,792.0,436240.0,806.0,3254.0,710.0,25.999453849145308,24.593750002026226,6.0,11.512509061356566,1.0,desempenho
332.0,660.0,452191.0,961.0,3486.0,719.0,26.401823505349288,26.518991593293567,7.0,10.370978952189677,0.0,desempenho
319.0,582.0,479403.0,1013.0,3370.0,764.0,25.362151652764034,25.04578535958294,7.0,11.350189199464511,1.0,desempenho
344.0,494.0,495333.0,769.0,3639.0,756.0,25.298228942391816,20.601645146196766,6.0,11.613618760248897,1.0,desempenho
364.0,525.0,297324.0,927.0,3003.0,666.0,30.087591517281357,27.520326829897336,8.0,11.672946334365829,1.0,desempenho
298.0,665.0,450353.0,981.0,2522.0,654.0,25.3652102415296,24.29966086322764,8.0,10.47153911912946,1.0,desempenho
413.0,779.0,466370.0,1039.0,2996.0,630.0,30.55023799725266,25.253042256718203,8.0,10.62431963193866,1.0,desempenho
306.0,670.0,373516.0,966.0,3188.0,604.0,29.262098893055438,22.26623766950187,7.0,10.516175596383993,1.0,desempenho
350.0,676.0,457975.0,931.0,3430.0,695.0,24.439019835082767,27.17344254246239,6.0,11.311992192940865,1.0,desempenho
347.0,637.0,369795.0,849.0,3320.0,720.0,25.306509800723113,22.536883881153766,7.0,13.289199605724292,1.0,desempenho
413.0,701.0,384932.0,926.0,3093.0,686.0,30.29872892512153,20.879418840552304,7.0,14.33423408913232,1.0,desempenho
295.0,612.0,456047.0,771.0,3801.0,646.0,28.65790701160131,26.3755779311642,8.0,11.315231483759865,1.0,desempenho
398.0,563.0,499866.0,901.0,2991.0,682.0,30.42675780817816,22.246634124448686,7.0,11.695075855157334,0.0,desempenho
330.0,567.0,520129.0,832.0,3491.0,712.0,25.046397848554097,23.982135872361813,8.0,12.940803335172898,1.0,desempenho
405.0,714.0,394718.0,770.0,2985.0,711.0,29.637360140597067,17.48528578571866,8.0,13.614457497153264,1.0,desempenho
355.0,679.0,492060.0,874.0,3528.0,798.0,31.935080347817983,20.7235752197138,6.0,11.695588706949144,1.0,desempenho
344.0,684.0,457749.0,799.0,3223.0,578.0,32.325835017405666,22.46287727796992,6.0,10.594540591947275,1.0,desempenho
462.0,648.0,414179.0,845.0,3804.0,646.0,30.315388531706983,25.06875836611825,6.0,13.513823103042618,1.0,desempenho
409.0,679.0,335028.0,835.0,3335.0,750.0,25.962308040421135,15.257232030549176,6.0,10.242363751567266,0.0,desempenho
419.0,508.0,264222.0,997.0,3245.0,686.0,32.16707308888829,25.91197404906922,7.0,13.9395600512663,1.0,desempenho
287.0,633.0,406326.0,975.0,3215.0,737.0,30.110320399416683,30.464786032149426,6.0,11.040444210999553,1.0,desempenho
348.0,753.0,404423.0,832.0,3035.0,743.0,27.526759050305543,22.074999539608854,7.0,13.998422301148237,1.0,desempenho
389.0,535.0,446414.0,773.0,3487.0,642.0,30.07830709554658,27.31749919888414,7.0,10.59111104206923,0.0,desempenho
324.0,752.0,381527.0,775.0,3432.0,652.0,25.149809507601617,19.669187213490705,6.0,11.420508192647379,0.0,desempenho
356.0,667.0,472321.0,963.0,3133.0,688.0,29.53047240674555,27.817710488785707,6.0,10.204782531420687,1.0,desempenho
403.0,696.0,451788.0,969.0,3154.0,784.0,26.547644516245548,26.865807711621617,8.0,11.953508526012548,1.0,desempenho
332.0,691.0,442529.0,942.0,3228.0,697.0,35.16511597861132,27.55276993558852,7.0,12.045151588614022,0.0,desempenho
347.0,720.0,448489.0,903.0,3093.0,695.0,18.488722792365834,24.631802517892925,7.0,11.41382870386757,0.0,desempenho
306.0,646.0,362463.0,956.0,3301.0,757.0,25.627354624916304,24.10202428868444,7.0,12.922000790748378,0.0,desempenho
331.0,650.0,442812.0,1092.0,3100.0,708.0,24.74162110245577,21.395217115205003,7.0,12.117375951711969,0.0,desempenho
349.0,621.0,390588.0,935.0,2675.0,776.0,26.00373310561162,26.165710456314425,7.0,12.937408627932829,0.0,desempenho
316.0,580.0,433725.0,758.0,3111.0,761.0,30.390105781212227,24.0455488276213,8.0,10.83023210889259,0.0,desempenho
389.0,651.0,292382.0,993.0,3191.0,772.0,24.714188443471585,15.0,8.0,11.593043674886522,1.0,desempenho
412.0,842.0,403191.0,987.0,2972.0,574.0,27.489225259612283,23.203186319141686,8.0,11.520146113597955,1.0,desempenho
323.0,598.0,455878.0,1071.0,3053.0,745.0,22.257819788237597,25.978353723340835,6.0,11.035261902327022,0.0,desempenho
373.0,632.0,492622.0,795.0,3419.0,683.0,27.52508356597101,23.44843832052237,7.0,12.816258547083388,1.0,desempenho
351.0,714.0,362215.0,1004.0,2784.0,735.0,29.859216354108607,18.26604932501249,6.0,12.111575095835292,1.0,desempenho
420.0,604.0,375649.0,909.0,3439.0,691.0,31.499111637007758,25.592926985892273,7.0,11.025165726854974,0.0,desempenho
399.0,716.0,427187.0,883.0,3033.0,650.0,25.938957700901508,19.94833210697105,6.0,8.911770907562232,0.0,desempenho
346.0,660.0,391282.0,1269.0,3676.0,625.0,28.698604262280696,22.17598157118803,7.0,10.782624327951103,1.0,desempenho
329.0,717.0,474658.0,1064.0,2901.0,728.0,29.8973626499269,22.577465474688104,6.0,12.241217976850384,1.0,desempenho
340.0,665.0,454978.0,801.0,2773.0,665.0,27.62793583783001,20.807339979547955,7.0,11.98818622961954,1.0,desempenho
347.0,613.0,492890.0,999.0,3255.0,623.0,28.634189702411977,27.18797187236258,7.0,11.549239601081357,1.0,desempenho
434.0,671.0,452306.0,1069.0,3356.0,669.0,26.654371490416416,24.71566486132122,7.0,11.397460584163145,1.0,desempenho
314.0,726.0,299481.0,1084.0,3592.0,672.0,29.63017248361543,24.00944318071898,8.0,13.47598844212642,1.0,desempenho
404.0,551.0,452299.0,875.0,3228.0,656.0,33.2444112073625,27.120185459707727,6.0,13.22853156194498,1.0,desempenho
341.0,666.0,488922.0,994.0,3539.0,719.0,23.83210380936703,23.412904406559296,8.0,13.272107687890399,1.0,desempenho
232.0,579.0,305275.0,723.0,2719.0,782.0,28.34747376168084,25.168813572275962,7.0,9.335494789277849,1.0,desempenho
372.0,639.0,451066.0,1096.0,3122.0,704.0,28.577790756193917,31.176328905821975,7.0,11.197497943706946,1.0,desempenho
279.0,626.0,460305.0,747.0,3566.0,729.0,25.797300034086888,23.575411087986456,6.0,12.06854140866141,1.0,desempenho
372.0,650.0,406927.0,909.0,3020.0,573.0,34.12653373160419,24.465974997598206,6.0,12.477776718147044,1.0,desempenho
351.0,538.0,545239.0,751.0,2838.0,673.0,31.864227174557133,24.04352699778796,7.0,12.610182667376849,0.0,desempenho
351.0,701.0,449613.0,985.0,4000.0,831.0,25.939853970990114,28.871654978433455,6.0,12.459801827710681,1.0,desempenho
352.0,593.0,465543.0,1028.0,2473.0,698.0,31.365584514382757,23.439963113059665,7.0,11.734038136115034,0.0,desempenho
372.0,564.0,358315.0,985.0,3206.0,691.0,26.72832987303294,23.084433463557744,6.0,13.256294153385767,1.0,desempenho
400.0,664.0,425543.0,904.0,3563.0,720.0,32.434215695069334,21.01923145321789,6.0,12.163109480662017,1.0,desempenho
403.0,812.0,419064.0,960.0,3229.0,657.0,22.537719166593952,21.882679550713906,8.0,12.542476812181938,1.0,desempenho
305.0,641.0,400974.0,1006.0,2807.0,653.0,28.204216807745862,27.086306974270443,7.0,12.602022054202546,0.0,desempenho
378.0,664.0,363351.0,905.0,2824.0,704.0,26.558056175535278,31.618144868348583,7.0,12.774045426538796,1.0,desempenho
347.0,649.0,428227.0,911.0,3352.0,750.0,29.177902346952905,25.360756570527656,7.0,12.699216975618222,1.0,desempenho
339.0,601.0,383752.0,831.0,3387.0,762.0,26.777619678125195,26.723886940881147,8.0,12.148175770997513,1.0,desempenho
354.0,635.0,461063.0,939.0,3996.0,648.0,29.554305106089927,22.41239697056546,8.0,11.952916231561508,1.0,desempenho
281.0,659.0,580499.0,877.0,2804.0,716.0,21.776079887360893,23.7241296521872,8.0,12.019230338754193,1.0,desempenho
343.0,664.0,369511.0,1107.0,2977.0,697.0,29.668066290526873,22.226145633594317,7.0,10.931694695941616,0.0,desempenho
291.0,590.0,470911.0,860.0,3021.0,708.0,30.31225062885636,31.14514059519764,7.0,12.992683329188907,0.0,desempenho
313.0,654.0,425894.0,770.0,3138.0,723.0,29.08118018505424,25.512863560152816,6.0,10.986805861452595,1.0,desempenho
388.0,774.0,420739.0,873.0,2874.0,876.0,24.780015903331314,22.71345622318178,8.0,12.499004203543272,1.0,desempenho
441.0,685.0,361918.0,869.0,3307.0,824.0,23.80658356472711,27.607729515675683,8.0,11.044408025604579,1.0,desempenho
367.0,702.0,455993.0,1016.0,3195.0,664.0,23.323639014928474,26.458119804418217,6.0,12.508667378932783,0.0,desempenho
316.0,612.0,394328.0,722.0,2913.0,631.0,26.76256296433619,21.78390750501131,7.0,9.63039492649547,1.0,desempenho
326.0,669.0,442960.0,1042.0,2913.0,765.0,26.356284087379194,19.99241278749416,7.0,12.868963871177396,1.0,desempenho
174.0,484.0,235656.0,1144.0,2032.0,523.0,23.06031294208379,21.19741011417021,7.0,10.31265022562022,0.0,custo_beneficio
177.0,530.0,264553.0,903.0,2740.0,552.0,27.276046249213927,24.934335541387767,6.0,10.04802561287648,1.0,custo_beneficio
249.0,441.0,252785.0,1141.0,2574.0,592.0,24.478329071948835,20.218328885669106,7.0,9.840867884635845,1.0,custo_beneficio
164.0,438.0,243220.0,1114.0,2455.0,526.0,27.710495610108858,21.52575760055499,6.0,7.568574820302825,0.0,custo_beneficio
189.0,423.0,241076.0,1080.0,2698.0,545.0,23.755095382955396,19.718664723383625,7.0,8.53816689187455,0.0,custo_beneficio
199.0,488.0,213115.0,1101.0,1974.0,554.0,24.176276749455035,25.18714918228516,8.0,9.309715889184536,1.0,custo_beneficio
195.0,350.0,251191.0,1123.0,2493.0,587.0,27.905648993764167,19.651021948157172,6.0,10.57389266723219,1.0,custo_beneficio
155.0,436.0,248380.0,1063.0,2415.0,538.0,24.52439788896696,17.25638332848563,6.0,10.271188078225851,1.0,custo_beneficio
234.0,387.0,210604.0,918.0,2383.0,599.0,26.849188670294584,27.429988293737424,8.0,7.0,0.0,custo_beneficio
228.0,422.0,229475.0,975.0,2172.0,655.0,27.105743317534756,21.057989946393437,8.0,9.020021566605308,0.0,custo_beneficio
179.0,383.0,180000.0,966.0,2440.0,584.0,25.373354777649702,17.472357922334794,8.0,10.463785691136826,0.0,custo_beneficio
153.0,465.0,208428.0,1002.0,2533.0,584.0,22.8711500505517,21.015682890461047,7.0,10.590574893619962,1.0,custo_beneficio
197.0,423.0,231674.0,958.0,2619.0,548.0,26.611488581037943,20.043869005826775,8.0,7.128844040130057,0.0,custo_beneficio
192.0,391.0,251186.0,907.0,2631.0,575.0,24.55601001310315,22.63973034446896,6.0,7.751982270411101,1.0,custo_beneficio
197.0,455.0,237919.0,1132.0,2246.0,577.0,27.959968607992224,21.854563034887416,6.0,9.427954949973723,1.0,custo_beneficio
184.0,422.0,276448.0,1023.0,2062.0,659.0,25.799912977862906,17.482641498717076,7.0,9.378130155592938,0.0,custo_beneficio
150.0,448.0,260273.0,1079.0,2318.0,585.0,28.78861202088062,21.954335422406274,6.0,9.995576678630057,1.0,custo_beneficio
201.0,441.0,307285.0,1028.0,2395.0,558.0,27.747458393604912,25.89959313686169,7.0,10.040735659317665,0.0,custo_beneficio
150.0,487.0,254695.0,1101.0,2222.0,562.0,23.972437658742066,23.554057460182598,7.0,7.80649399379636,0.0,custo_beneficio
205.0,443.0,227191.0,786.0,2799.0,611.0,26.333018294748282,21.41350915074926,8.0,7.841578917569075,0.0,custo_beneficio
195.0,492.0,213207.0,746.0,2343.0,573.0,25.338908541036773,22.82129660878634,7.0,9.197508840908032,0.0,custo_beneficio
230.0,475.0,271928.0,901.0,2024.0,546.0,23.34614639371177,22.883548658756077,6.0,8.762553459570686,1.0,custo_beneficio
243.0,450.0,243726.0,1036.0,2723.0,546.0,28.28877072735026,21.52624074730376,8.0,10.053709799550223,1.0,custo_beneficio
249.0,397.0,237620.0,902.0,2638.0,656.0,29.1748069535116,24.05987188286501,6.0,9.262855438644841,1.0,custo_beneficio
271.0,473.0,232781.0,1209.0,2156.0,598.0,24.56842716427291,22.59669284970075,7.0,10.765733377131989,0.0,custo_beneficio
208.0,448.0,277129.0,924.0,2393.0,551.0,26.867452100261776,21.07872890565499,7.0,10.328088411603934,0.0,custo_beneficio
218.0,400.0,249902.0,986.0,2313.0,563.0,22.55018606304439,16.106653527165026,7.0,9.508357068130325,1.0,custo_beneficio
245.0,527.0,230638.0,1019.0,2211.0,597.0,27.812331363258103,16.643070065297398,7.0,7.76773155897953,1.0,custo_beneficio
230.0,439.0,283961.0,1100.0,2455.0,522.0,24.053550641967114,23.246672900847937,7.0,9.545235887748708,1.0,custo_beneficio
229.0,538.0,286351.0,1061.0,2272.0,465.0,24.57903769381787,20.184968760457878,6.0,9.398169146012776,1.0,custo_beneficio
187.0,493.0,255299.0,1085.0,2204.0,611.0,30.21178230307754,18.480220761429486,7.0,9.116611915312797,0.0,custo_beneficio
226.0,308.0,297571.0,1141.0,1964.0,552.0,28.920456073818315,24.619491046144667,7.0,10.626368027214733,1.0,custo_beneficio
206.0,506.0,219345.0,953.0,2652.0,578.0,28.44616838863452,19.321219482548635,6.0,9.799244339273182,0.0,custo_beneficio
209.0,450.0,198250.0,991.0,2040.0,611.0,26.79147334939913,16.674343173789136,7.0,11.100662894600687,0.0,custo_beneficio
190.0,591.0,203836.0,1052.0,2444.0,640.0,25.89934743781697,19.75341526052887,8.0,9.321263246120335,1.0,custo_beneficio
225.0,399.0,251673.0,982.0,2026.0,636.0,23.7558186914274,17.829657987561717,6.0,9.29808903861495,0.0,custo_beneficio
219.0,397.0,309886.0,1112.0,2300.0,546.0,24.73758073109094,22.531976853958223,6.0,8.79100626691103,0.0,custo_beneficio
207.0,432.0,180000.0,1166.0,2474.0,545.0,29.746837453388096,21.217541200980968,6.0,8.256627713629763,1.0,custo_beneficio
235.0,469.0,263810.0,998.0,2512.0,568.0,26.389853629114604,16.237638864973402,6.0,7.551513701459324,1.0,custo_beneficio
198.0,427.0,207481.0,785.0,2342.0,586.0,24.86873732865337,20.637803595130283,6.0,9.551649045020465,0.0,custo_beneficio
192.0,435.0,270277.0,1219.0,2242.0,584.0,25.845893604839898,18.518554983177943,6.0,13.207867529223662,1.0,custo_beneficio
218.0,430.0,257079.0,1047.0,2155.0,577.0,21.91724673746286,24.4774308950035,6.0,7.872835586168043,1.0,custo_beneficio
227.0,433.0,231846.0,1152.0,2407.0,603.0,22.54668515870634,17.487957640181232,6.0,8.62415649624489,0.0,custo_beneficio
269.0,460.0,193181.0,1276.0,2358.0,611.0,22.909770824450934,21.770024755543353,6.0,7.936586283770305,0.0,custo_beneficio
210.0,484.0,206861.0,967.0,2514.0,674.0,24.654794163346295,22.47784029480983,7.0,12.879183084467275,1.0,custo_beneficio
150.0,368.0,180000.0,1085.0,2434.0,567.0,24.734514774900617,28.745748585178145,6.0,9.190189834362279,0.0,custo_beneficio
218.0,438.0,235631.0,1268.0,2694.0,586.0,19.239470160140083,20.097476941868575,6.0,7.950752510180095,0.0,custo_beneficio
219.0,505.0,300467.0,1076.0,2189.0,470.0,26.710408021522387,18.963109992941128,6.0,9.71138054226523,1.0,custo_beneficio
211.0,463.0,210981.0,1193.0,2250.0,504.0,24.72744145009134,21.08593827256615,7.0,7.3826621933233305,1.0,custo_beneficio
218.0,394.0,278719.0,1072.0,2294.0,494.0,28.61103048763772,17.930800088859858,7.0,8.790466388756354,0.0,custo_beneficio
220.0,390.0,197727.0,795.0,2580.0,555.0,32.318175231183325,18.514112335922817,6.0,8.431547530087906,0.0,custo_beneficio
228.0,380.0,187062.0,783.0,2270.0,566.0,23.421407431292042,24.108514492967906,6.0,10.973636251529761,1.0,custo_beneficio
192.0,420.0,227000.0,966.0,2236.0,562.0,23.411147252961108,21.52080627156398,6.0,7.8680369718569905,0.0,custo_beneficio
246.0,369.0,263327.0,951.0,2480.0,471.0,28.481139853707667,22.680733520101004,8.0,7.6994281410043985,0.0,custo_beneficio
165.0,533.0,224191.0,949.0,1833.0,564.0,24.430700962910617,22.788732741923713,6.0,10.820796733905933,0.0,custo_beneficio
198.0,371.0,287852.0,1054.0,2672.0,576.0,18.694305206280124,20.620081544209903,6.0,10.772172582405524,1.0,custo_beneficio
204.0,305.0,308497.0,941.0,2526.0,576.0,28.1440476408984,22.0151403060702,6.0,7.517240853965427,0.0,custo_beneficio
178.0,482.0,211533.0,1200.0,2440.0,608.0,25.2049720345618,16.619057262147507,7.0,8.467125003925593,0.0,custo_beneficio
245.0,470.0,216165.0,954.0,2425.0,475.0,29.183604714057463,22.104366840943893,6.0,11.128953638819958,0.0,custo_beneficio
214.0,451.0,224919.0,1147.0,2532.0,618.0,24.69215891161933,22.506450669945853,7.0,12.150102909385646,1.0,custo_beneficio
192.0,451.0,201857.0,1214.0,2431.0,618.0,28.059639796356482,21.844888885362565,7.0,8.789310986224622,0.0,custo_beneficio
230.0,342.0,265644.0,973.0,2813.0,608.0,25.59964436462324,22.215774983375553,7.0,9.613135152337135,0.0,custo_beneficio
178.0,529.0,230079.0,954.0,2410.0,599.0,24.0150332968922,22.34442047592121,6.0,9.867667378488097,0.0,custo_beneficio
180.0,475.0,280223.0,1070.0,2688.0,525.0,26.16987605532963,18.07429823400806,6.0,8.702675381473583,1.0,custo_beneficio
179.0,439.0,279300.0,1011.0,2003.0,631.0,22.9072746659624,20.853198932238428,8.0,10.035843808328854,0.0,custo_beneficio
224.0,406.0,326249.0,1073.0,2363.0,623.0,25.62362736482518,21.998070482348318,6.0,7.537305167820502,0.0,custo_beneficio
239.0,434.0,254080.0,1178.0,2023.0,491.0,23.532211823449632,16.91519260235178,6.0,8.990202382969233,0.0,custo_beneficio
167.0,453.0,280189.0,846.0,2605.0,616.0,27.38521275539157,24.046200537179217,6.0,9.074277774609483,0.0,custo_beneficio
213.0,450.0,303650.0,888.0,2184.0,641.0,27.550091267255226,20.092170882957305,7.0,10.525282401344864,0.0,custo_beneficio
212.0,501.0,342470.0,1121.0,2412.0,612.0,24.08679785449029,26.969919263811832,6.0,10.414006623554002,1.0,custo_beneficio
234.0,493.0,232592.0,1119.0,2022.0,588.0,26.131890880191737,25.26832452389806,6.0,8.575017436725572,1.0,custo_beneficio
169.0,516.0,304202.0,1088.0,2705.0,586.0,24.762220880748085,20.167405952365595,6.0,8.581105617552492,0.0,custo_beneficio
207.0,463.0,248588.0,1139.0,2423.0,572.0,22.822017424980924,21.180383092054402,7.0,10.385884676979394,1.0,custo_beneficio
216.0,414.0,229425.0,1077.0,2116.0,595.0,22.761614065852,23.65713423258304,6.0,8.092105172062798,0.0,custo_beneficio
220.0,502.0,205715.0,1107.0,2181.0,570.0,22.422436812131732,23.055876177239384,6.0,8.495623574672496,0.0,custo_beneficio
202.0,543.0,251218.0,953.0,2113.0,629.0,23.572040064789533,21.10957199865107,6.0,10.646963294134977,1.0,custo_beneficio
209.0,484.0,270676.0,1023.0,2415.0,563.0,21.305968982701387,21.644002143495324,6.0,11.048657870921549,1.0,custo_beneficio
235.0,411.0,219524.0,1136.0,2512.0,572.0,22.704952345902587,21.23094197909981,6.0,7.622453447197035,0.0,custo_beneficio
214.0,493.0,206208.0,866.0,2794.0,552.0,27.839869614859555,20.61500583700542,8.0,10.353430944105892,1.0,custo_beneficio
152.0,430.0,203782.0,1090.0,2334.0,572.0,21.974597641464605,24.97850091940701,6.0,10.55205702366334,0.0,custo_beneficio
158.0,547.0,247861.0,960.0,2504.0,632.0,24.942373609786333,24.196437919848435,6.0,10.677660790730041,1.0,custo_beneficio
230.0,314.0,244769.0,878.0,2280.0,566.0,24.10438905523123,19.619346869718477,6.0,8.183427620445423,1.0,custo_beneficio
278.0,543.0,209327.0,1239.0,2300.0,585.0,24.841815100257712,19.350628396865087,7.0,8.895392895334783,1.0,custo_beneficio
226.0,405.0,192551.0,1051.0,2100.0,568.0,28.425254634025926,23.998248932303966,7.0,9.461267727076859,1.0,custo_beneficio
225.0,433.0,200089.0,1097.0,2607.0,551.0,25.72800688784508,20.091066762712426,6.0,10.752614530607204,1.0,custo_beneficio
209.0,418.0,251838.0,959.0,2490.0,570.0,22.651896148294984,24.33137866916282,6.0,10.614718416238658,1.0,custo_beneficio
191.0,474.0,268809.0,1127.0,1976.0,625.0,23.57575259268567,20.105430166396832,7.0,7.335915518927287,1.0,custo_beneficio
242.0,519.0,202917.0,929.0,2317.0,643.0,26.933099966664397,20.60540622539935,8.0,9.869950476366585,1.0,custo_beneficio
191.0,456.0,252566.0,1166.0,2641.0,602.0,24.094131106134743,22.854555735975318,6.0,12.37030391854342,1.0,custo_beneficio
186.0,495.0,243576.0,904.0,2414.0,585.0,25.464594072256883,23.299678789886077,6.0,10.722707888107879,1.0,custo_beneficio
178.0,484.0,300708.0,1012.0,2339.0,646.0,26.26389463303752,22.090589262002638,7.0,8.59533016573437,1.0,custo_beneficio
182.0,432.0,229497.0,1023.0,2039.0,623.0,27.81921573629107,16.131643814647965,7.0,10.67414936679986,1.0,custo_beneficio
207.0,451.0,243521.0,1195.0,2090.0,607.0,27.753325412223877,22.790850201351027,6.0,8.518755017616712,0.0,custo_beneficio
276.0,511.0,249730.0,1003.0,2726.0,557.0,21.46818560274861,19.70788279206543,7.0,10.242839535906239,0.0,custo_beneficio
249.0,382.0,234485.0,1015.0,2371.0,583.0,26.72727739348048,19.887982904573775,6.0,8.98154742290627,1.0,custo_beneficio
264.0,442.0,244222.0,1053.0,2418.0,560.0,28.18178683492816,18.07629842699246,6.0,8.634835869836124,0.0,custo_beneficio
169.0,486.0,180000.0,1021.0,2936.0,510.0,20.045088785653217,17.252046995105754,7.0,10.589598987418949,1.0,custo_beneficio
225.0,519.0,312557.0,1020.0,1824.0,543.0,23.932989512661855,20.352653008554025,7.0,9.274568718789537,0.0,custo_beneficio
223.0,492.0,276423.0,816.0,2399.0,508.0,23.338372256244845,18.742977682593,6.0,10.471117637890384,0.0,custo_beneficio
179.0,471.0,246559.0,833.0,2482.0,596.0,23.29956630913012,17.789032409818713,8.0,11.271054980604758,1.0,custo_beneficio
224.0,438.0,210203.0,951.0,2725.0,586.0,23.623532332498232,22.27422307806164,7.0,7.799676309829217,0.0,custo_beneficio
153.0,443.0,201583.0,1158.0,2596.0,539.0,23.084886993999,19.846832373754232,6.0,9.540811105833294,1.0,custo_beneficio
232.0,436.0,283956.0,918.0,2245.0,512.0,22.489273591264368,18.04504500982945,7.0,10.695168414615734,1.0,custo_beneficio
198.0,386.0,244109.0,1121.0,2098.0,616.0,22.87569769630576,19.7925401848179,6.0,7.014584140903441,0.0,custo_beneficio
239.0,358.0,271558.0,1174.0,2172.0,569.0,25.736798132255753,22.73304400414676,6.0,7.066787273994981,1.0,custo_beneficio
231.0,574.0,242019.0,881.0,2500.0,639.0,25.270035302448754,18.733378637114267,7.0,10.14728238585129,1.0,custo_beneficio
246.0,499.0,291366.0,1042.0,2310.0,635.0,21.974598742547787,22.096448227302513,8.0,7.855968047162685,0.0,custo_beneficio
241.0,437.0,294400.0,1108.0,2094.0,644.0,28.878113166069323,23.205716231498037,6.0,10.208005713325365,0.0,custo_beneficio
286.0,314.0,261877.0,1008.0,2381.0,563.0,27.017616041516717,23.799219446383454,6.0,9.839663794710384,1.0,custo_beneficio
210.0,409.0,270262.0,1105.0,2785.0,636.0,23.285812706024675,23.050745936272413,7.0,8.865292997137628,1.0,custo_beneficio
195.0,464.0,180000.0,839.0,2355.0,583.0,24.076703074604527,17.051409253206003,8.0,8.518529789433794,0.0,custo_beneficio
209.0,507.0,263908.0,960.0,2329.0,516.0,24.729652524021457,23.780251548053347,7.0,10.961512570369418,1.0,custo_beneficio
224.0,440.0,301505.0,1047.0,2576.0,646.0,24.516430928546985,21.545972468860434,6.0,11.046636110247563,1.0,custo_beneficio
274.0,426.0,255556.0,1188.0,2247.0,534.0,25.63434324193708,16.517309005219026,6.0,9.949382693109543,1.0,custo_beneficio
197.0,436.0,195979.0,1241.0,2425.0,644.0,24.349909374548886,18.79997004577309,6.0,9.823017104306192,1.0,custo_beneficio
254.0,418.0,185590.0,1209.0,2273.0,552.0,20.586531032425064,25.352353716492477,7.0,10.090687357357826,0.0,custo_beneficio
180.0,447.0,190441.0,952.0,2446.0,544.0,25.50839864999692,22.704358522037854,7.0,10.655003462960122,1.0,custo_beneficio
233.0,449.0,288133.0,1333.0,2040.0,569.0,19.05392085031668,21.48162883162006,6.0,8.1917179037771,1.0,custo_beneficio
205.0,468.0,300940.0,979.0,2510.0,509.0,26.143032659231284,20.016544255638358,6.0,8.585098459276503,0.0,custo_beneficio
187.0,430.0,263385.0,892.0,2300.0,578.0,22.252401938670353,25.491663004187544,6.0,10.21648707321363,1.0,custo_beneficio
175.0,477.0,217219.0,1182.0,2450.0,591.0,24.13880697811887,19.126460032607568,7.0,9.905319318865521,1.0,custo_beneficio
171.0,526.0,246103.0,1085.0,2608.0,551.0,27.16062096174659,15.0,6.0,8.963338622325374,1.0,custo_beneficio
158.0,469.0,274593.0,1078.0,2233.0,596.0,25.310714237127126,23.34014041984004,6.0,10.43232404351782,0.0,custo_beneficio
190.0,422.0,238965.0,1082.0,2578.0,577.0,25.04031196975118,21.35826576250001,6.0,8.62452438111486,1.0,custo_beneficio
156.0,473.0,225398.0,1021.0,2516.0,603.0,22.3011678695849,23.492648391134104,6.0,10.852820107226583,1.0,custo_beneficio
245.0,442.0,180000.0,882.0,2337.0,527.0,23.966440573408896,21.080990534208947,6.0,10.321593476652493,0.0,custo_beneficio
242.0,521.0,259966.0,814.0,2515.0,627.0,24.797332236411457,25.361459675188122,7.0,10.531800273760949,0.0,custo_beneficio
220.0,325.0,232530.0,1193.0,2198.0,569.0,22.387909215242324,25.45980648800442,6.0,8.93602091200399,0.0,custo_beneficio
215.0,480.0,267838.0,1147.0,2482.0,712.0,22.430190587473152,16.723491613908713,6.0,9.028291759158247,1.0,custo_beneficio
179.0,403.0,216588.0,1112.0,2273.0,571.0,27.235581936252338,19.084193688046433,8.0,9.263423142849904,1.0,custo_beneficio
164.0,467.0,267220.0,1297.0,2439.0,616.0,24.511318391035065,21.743068053962716,7.0,11.50070821009944,1.0,custo_beneficio
274.0,464.0,307770.0,974.0,2391.0,581.0,19.456022301603074,18.079555430374498,7.0,10.375174179845935,0.0,custo_beneficio
170.0,491.0,244254.0,1194.0,2402.0,582.0,24.33601841684397,22.71112619409107,6.0,8.994561420064505,0.0,custo_beneficio
177.0,484.0,246900.0,995.0,2622.0,552.0,24.499496864249075,24.498069875177897,7.0,10.901802081744917,1.0,custo_beneficio
221.0,402.0,218258.0,767.0,2818.0,541.0,24.68366855063235,18.72418914517929,6.0,10.334198297996169,1.0,custo_beneficio
223.0,378.0,220690.0,797.0,2044.0,588.0,20.088659904742688,17.29713568844571,6.0,13.074865956561666,0.0,custo_beneficio
206.0,406.0,269499.0,1139.0,2250.0,512.0,24.969253876729855,20.56788581296472,6.0,8.977082603635257,0.0,custo_beneficio
175.0,455.0,263508.0,908.0,2632.0,500.0,23.554716353210893,20.354978659505978,6.0,9.139682338497403,0.0,custo_beneficio
210.0,534.0,255299.0,1014.0,2245.0,620.0,22.93541806690488,25.61598980149812,8.0,9.606920920044653,0.0,custo_beneficio
246.0,449.0,286073.0,1181.0,2198.0,556.0,21.69413141329176,22.022662345835144,6.0,10.299953460148268,1.0,custo_beneficio
169.0,405.0,269285.0,961.0,2324.0,506.0,25.46747552431166,20.889316700388378,6.0,11.5302018050295,1.0,custo_beneficio
256.0,418.0,246613.0,1171.0,3282.0,523.0,26.124568034316276,19.231119286764734,8.0,8.853451634507946,0.0,custo_beneficio
188.0,393.0,248554.0,873.0,2636.0,582.0,26.056087432253598,19.834528470134444,7.0,9.180064384064556,1.0,custo_beneficio
180.0,407.0,218830.0,796.0,2734.0,549.0,27.908440137908876,23.67198080348573,7.0,7.956800352180208,1.0,custo_beneficio
262.0,448.0,259008.0,974.0,2508.0,547.0,19.919115589254037,17.696110533722372,6.0,8.20410819096703,1.0,custo_beneficio
210.0,410.0,279860.0,1079.0,2397.0,619.0,26.201521483368367,24.616408228128417,6.0,8.948168885221833,1.0,custo_beneficio
202.0,431.0,274588.0,890.0,2692.0,514.0,23.328862722867058,18.504763430577412,7.0,7.394858176613001,0.0,custo_beneficio
290.0,454.0,289083.0,1077.0,2524.0,564.0,25.487692313556504,22.34369676151607,6.0,8.924351912530613,0.0,custo_beneficio
209.0,396.0,248196.0,1279.0,2691.0,640.0,25.061079600445087,21.80249390921506,6.0,10.70268340004351,0.0,custo_beneficio
256.0,352.0,203959.0,1207.0,2330.0,549.0,21.86459753251099,19.612458246139727,7.0,8.90043751626502,1.0,custo_beneficio
208.0,479.0,283682.0,1163.0,2668.0,551.0,24.255332987607847,22.922579138605688,8.0,8.867133126032456,1.0,custo_beneficio
233.0,361.0,275016.0,1021.0,2576.0,614.0,29.019787652797895,24.383634119053006,7.0,10.544539003689568,0.0,custo_beneficio
272.0,493.0,275622.0,1012.0,2501.0,578.0,22.865167728849862,24.226151853440875,6.0,9.566239091036108,0.0,custo_beneficio
193.0,451.0,289808.0,1097.0,2477.0,529.0,22.107646506926322,21.80626165072476,6.0,9.432782393799595,1.0,custo_beneficio
217.0,475.0,215618.0,1242.0,2705.0,509.0,22.669071892045032,15.285556888762624,8.0,8.56089036494224,0.0,custo_beneficio
232.0,429.0,266127.0,867.0,2599.0,555.0,25.030424205707263,20.76781374651737,6.0,10.842057538532696,0.0,custo_beneficio
168.0,502.0,261363.0,1067.0,1968.0,567.0,24.93153919899064,25.882767995681434,7.0,10.324347958518413,0.0,custo_beneficio
188.0,455.0,258267.0,937.0,2303.0,570.0,29.014049581412795,15.798148686522554,6.0,10.550348064099834,1.0,custo_beneficio
151.0,442.0,180000.0,1092.0,2155.0,587.0,28.28518745381151,18.62812826183,6.0,9.294612335899563,0.0,custo_beneficio
247.0,407.0,274053.0,997.0,2189.0,558.0,24.888483669542495,24.355450328112134,8.0,7.179094705448508,0.0,custo_beneficio
225.0,300.0,263845.0,1054.0,1979.0,593.0,26.18937997957883,22.4740980783935,6.0,7.0,0.0,custo_beneficio
230.0,487.0,219315.0,1129.0,2303.0,486.0,27.919354813819446,19.0623875924594,6.0,9.154930267818639,0.0,custo_beneficio
179.0,477.0,203117.0,960.0,2371.0,665.0,24.715468653965605,23.71305565915408,6.0,9.546266202541181,1.0,custo_beneficio
204.0,480.0,298111.0,1093.0,2696.0,536.0,23.963423727964923,19.189243664480834,6.0,8.819163433271472,0.0,custo_beneficio
229.0,452.0,274040.0,802.0,2930.0,567.0,19.937400215809568,21.395234746441965,8.0,9.540132161567781,0.0,custo_beneficio
207.0,499.0,276160.0,1085.0,2512.0,575.0,29.438727123100122,17.302009954105582,7.0,9.66983855857964,1.0,custo_beneficio
260.0,464.0,302135.0,897.0,2688.0,686.0,24.055587781193807,17.77264445126694,8.0,9.011630760351954,0.0,custo_beneficio
192.0,527.0,210991.0,841.0,2676.0,477.0,24.48967557781821,28.794202823020118,6.0,7.958244608081837,1.0,custo_beneficio
202.0,463.0,217341.0,930.0,2572.0,560.0,22.86544228123906,19.392041644932423,6.0,9.85025603133958,1.0,custo_beneficio
251.0,354.0,198510.0,1090.0,2215.0,627.0,27.41701776062636,22.797921665888595,8.0,11.683726144775116,1.0,custo_beneficio
150.0,459.0,220800.0,843.0,2459.0,620.0,24.435483127309894,24.591073798897167,6.0,8.655300409501347,1.0,custo_beneficio
207.0,488.0,222876.0,1214.0,2891.0,578.0,28.124276050460796,18.358757323436848,7.0,9.416745959671605,0.0,custo_beneficio
266.0,302.0,227539.0,974.0,2155.0,585.0,23.952591386196914,18.938469975587445,7.0,8.229439822102616,1.0,custo_beneficio
190.0,424.0,234015.0,1090.0,2514.0,442.0,27.55408803456902,24.590920085609383,7.0,9.449743934041917,1.0,custo_beneficio
207.0,427.0,223539.0,1076.0,1913.0,529.0,28.84799300043727,18.679450081629955,6.0,10.992113933723509,0.0,custo_beneficio
164.0,568.0,298840.0,1079.0,2475.0,578.0,20.65548846038375,21.04511813117056,7.0,10.952809463050636,1.0,custo_beneficio
235.0,404.0,234204.0,927.0,2194.0,522.0,22.748878846554934,24.548639201994597,7.0,11.240104450610902,0.0,custo_beneficio
171.0,465.0,241912.0,906.0,2885.0,545.0,26.659115867582102,23.648913931558493,7.0,8.833663403713604,0.0,custo_beneficio
261.0,426.0,204994.0,989.0,2452.0,582.0,24.016405259313625,16.22700635255689,7.0,10.94614128753734,0.0,custo_beneficio
214.0,478.0,263896.0,1161.0,2498.0,565.0,23.010027724978116,20.377565861798313,6.0,9.876955395740799,0.0,custo_beneficio
200.0,465.0,265370.0,1149.0,2720.0,583.0,21.730558587130847,20.137239757952024,6.0,13.431679214135599,0.0,custo_beneficio
226.0,469.0,297793.0,974.0,2543.0,575.0,24.5397828324602,19.06951903048905,8.0,11.498723856423833,1.0,custo_beneficio
153.0,508.0,286827.0,1061.0,2343.0,598.0,30.721976652200723,16.591908252741288,8.0,8.575055116351669,1.0,custo_beneficio
253.0,449.0,241324.0,998.0,2397.0,528.0,27.57295109031992,16.514641222003497,6.0,10.14771741539401,1.0,custo_beneficio
216.0,372.0,251389.0,879.0,2515.0,538.0,23.872514957426727,21.734873469857906,6.0,9.691012539107097,1.0,custo_beneficio
189.0,538.0,347727.0,1060.0,2597.0,499.0,28.75683581576397,22.940571261810266,6.0,8.91927986605852,0.0,custo_beneficio
196.0,473.0,212782.0,1172.0,2136.0,532.0,22.725775528979163,22.898750093790305,6.0,8.514608350165597,1.0,custo_beneficio
226.0,419.0,202820.0,977.0,2391.0,526.0,22.12079722741414,26.278240835248962,6.0,8.467321515423336,1.0,custo_beneficio
197.0,481.0,283185.0,1013.0,2090.0,637.0,24.761647272008293,25.325804537142922,7.0,9.531886356085167,1.0,custo_beneficio
236.0,545.0,237635.0,1022.0,2473.0,554.0,24.219820169868168,20.155462264521493,7.0,8.747095118688351,0.0,custo_beneficio
217.0,490.0,240747.0,957.0,2249.0,580.0,22.351970729067745,19.74934745853331,7.0,8.994216156978178,1.0,custo_beneficio
150.0,536.0,254264.0,1140.0,2424.0,549.0,19.395210163727718,21.513639217590757,6.0,8.56927207447713,1.0,custo_beneficio
181.0,458.0,265792.0,1041.0,2202.0,625.0,23.991550635078294,17.28703459325017,7.0,7.040630617196383,0.0,custo_beneficio
212.0,427.0,231485.0,920.0,2292.0,484.0,23.159840866328715,20.222656209122267,6.0,9.4604116366073,0.0,custo_beneficio
220.0,545.0,196604.0,911.0,2613.0,591.0,28.284455441429518,20.96132089818315,6.0,9.331660359971158,1.0,custo_beneficio
194.0,498.0,280547.0,1093.0,1969.0,563.0,21.937500278349873,23.941333134469414,7.0,8.799533439724879,1.0,custo_beneficio
190.0,524.0,224281.0,882.0,1861.0,578.0,23.595174715355185,17.42773848372068,6.0,8.766958666151439,1.0,custo_beneficio
225.0,509.0,273353.0,1046.0,2741.0,609.0,22.94286024620392,18.401949590023087,8.0,10.481577853344634,1.0,custo_beneficio
221.0,458.0,220372.0,1122.0,2211.0,575.0,28.61736036596745,19.347914410474637,6.0,10.6418688532766,0.0,custo_beneficio
159.0,443.0,232181.0,1108.0,2187.0,593.0,23.171863577967606,18.755851536812365,8.0,8.735015078209987,1.0,custo_beneficio
198.0,447.0,258240.0,607.0,2198.0,562.0,28.762655096520824,18.29999347904467,7.0,12.426628047895102,1.0,custo_beneficio
235.0,409.0,232337.0,953.0,2217.0,702.0,27.111139680179164,23.754344654465523,7.0,10.090392184203795,1.0,custo_beneficio
242.0,407.0,283786.0,1134.0,2863.0,561.0,22.255972544310684,20.095929726568635,6.0,10.224444986147153,1.0,custo_beneficio
213.0,346.0,253128.0,996.0,2401.0,622.0,23.61857663470287,16.31748542267345,6.0,11.953377868639933,1.0,custo_beneficio
243.0,430.0,247781.0,1107.0,2670.0,564.0,28.79988001478575,15.660500378162986,6.0,9.763569903940418,0.0,custo_beneficio
260.0,416.0,273199.0,1157.0,2560.0,533.0,23.789957190944786,20.98981790719641,6.0,9.450488416819928,0.0,custo_beneficio
220.0,435.0,220652.0,960.0,2346.0,417.0,23.246776073021124,18.810462938384266,6.0,10.626098506146937,1.0,custo_beneficio
228.0,522.0,286107.0,880.0,2511.0,618.0,27.22965755540187,18.21676291471342,7.0,9.265469751448538,1.0,custo_beneficio
188.0,508.0,239516.0,901.0,2356.0,644.0,25.413100125162313,21.031304660824468,6.0,7.6444664972223055,1.0,custo_beneficio
291.0,475.0,257350.0,1123.0,2577.0,573.0,23.42189715939825,22.49862671580426,6.0,10.270051094229592,0.0,custo_beneficio
266.0,486.0,298717.0,1052.0,2479.0,616.0,23.18784729049987,21.135129157115003,7.0,9.650658303981379,1.0,custo_beneficio
167.0,385.0,295997.0,1135.0,2143.0,607.0,28.669626112493276,20.924342356007536,6.0,11.3468208503065,0.0,custo_beneficio
198.0,500.0,253779.0,1362.0,2448.0,582.0,25.26545729860054,19.40547826785016,8.0,8.511772859771627,0.0,custo_beneficio
219.0,421.0,218627.0,996.0,2458.0,606.0,27.133372443350368,19.76452494233272,7.0,9.840613480763285,0.0,custo_beneficio
208.0,438.0,256689.0,912.0,2351.0,613.0,26.604867823609254,20.324330989090278,6.0,8.30012564930228,0.0,custo_beneficio
275.0,436.0,237339.0,1042.0,2288.0,609.0,24.011791129959548,24.982410240068454,7.0,11.258252604177658,1.0,custo_beneficio
190.0,433.0,320084.0,1013.0,2490.0,604.0,22.4984265687919,18.862261313976987,6.0,9.604794444705979,1.0,custo_beneficio
157.0,552.0,255173.0,880.0,2239.0,559.0,22.456038056966563,23.15045659598789,7.0,10.4723120532504,1.0,custo_beneficio
255.0,545.0,350282.0,941.0,3106.0,564.0,23.518836361548715,21.817680937194613,7.0,9.393304890915845,1.0,custo_beneficio
189.0,514.0,248002.0,1066.0,2518.0,632.0,20.86193821952642,22.46131012959359,8.0,9.178233032909883,0.0,custo_beneficio
174.0,399.0,182259.0,984.0,2732.0,574.0,21.649687760863035,19.785803138562382,6.0,8.300421338822932,0.0,custo_beneficio
194.0,505.0,247510.0,1060.0,2330.0,614.0,26.957899719442526,21.83763587978043,8.0,10.177746927089178,1.0,custo_beneficio
199.0,450.0,240387.0,995.0,2227.0,601.0,28.276514782033658,23.927754929173897,6.0,9.859083754302128,1.0,custo_beneficio
232.0,434.0,271025.0,941.0,2435.0,594.0,21.28848802020087,22.52066791586047,6.0,11.115122009405978,1.0,custo_beneficio
263.0,661.0,370515.0,1110.0,2334.0,983.0,40.23410385835035,29.003810735112125,7.0,8.310358466675867,1.0,offroad
235.0,493.0,402242.0,1053.0,2717.0,911.0,37.819511459821605,33.415381680509974,8.0,10.013286555503344,0.0,offroad
213.0,638.0,366481.0,819.0,3405.0,965.0,34.85563154857279,37.55692404111152,6.0,12.257413283672808,1.0,offroad
301.0,533.0,416763.0,927.0,2861.0,906.0,33.669871037987264,28.583216172028973,7.0,11.699207045762211,0.0,offroad
243.0,549.0,383995.0,1041.0,2703.0,889.0,35.299296653738594,23.995020884766546,6.0,9.21572111944557,1.0,offroad
318.0,578.0,461948.0,1118.0,2787.0,971.0,36.14448079644534,27.077064236097176,7.0,9.273779303669185,1.0,offroad
272.0,569.0,415736.0,1166.0,3171.0,855.0,40.2430411960655,28.905072344319674,8.0,11.54637900755036,1.0,offroad
265.0,576.0,361130.0,1174.0,2780.0,809.0,42.42347748045788,33.42246647629016,7.0,11.132864498485858,1.0,offroad
262.0,471.0,332465.0,591.0,2958.0,787.0,35.209668398787535,24.312075593911164,6.0,10.12436777975806,1.0,offroad
253.0,670.0,450567.0,1102.0,2902.0,959.0,29.564376527560626,25.08754479652718,7.0,11.797414054966954,0.0,offroad
269.0,567.0,370837.0,812.0,3283.0,902.0,37.76176320489969,27.797727645034232,7.0,8.939939847440492,1.0,offroad
226.0,509.0,358815.0,936.0,2838.0,875.0,35.276667307525976,28.991453893211087,8.0,8.831421393539964,0.0,offroad
256.0,586.0,387530.0,804.0,3298.0,801.0,35.316084297222524,34.075441091873444,8.0,11.388515136570804,1.0,offroad
265.0,538.0,436907.0,931.0,3233.0,769.0,35.82297354778166,23.053592204939314,6.0,9.599293771087368,0.0,offroad
287.0,548.0,327478.0,1109.0,2968.0,823.0,35.14663572403997,39.22834199680956,8.0,10.373255618127068,0.0,offroad
247.0,606.0,388324.0,688.0,2796.0,823.0,28.437877775833634,25.94904473424598,8.0,7.0287452936160495,1.0,offroad
268.0,629.0,435338.0,1053.0,2710.0,743.0,28.850959552094743,25.558560979609254,8.0,9.741255948403815,1.0,offroad
232.0,519.0,396948.0,969.0,3003.0,912.0,30.869188930298705,31.46546602402329,8.0,9.97904015728589,1.0,offroad
305.0,523.0,370891.0,1036.0,2918.0,882.0,35.984172062685964,36.41396434124604,7.0,11.092259124320826,1.0,offroad
230.0,482.0,397315.0,918.0,2779.0,770.0,33.37223418829648,33.79575185601824,7.0,9.96221697470578,0.0,offroad
280.0,546.0,403362.0,929.0,2848.0,766.0,38.24190121879537,28.648990985226963,6.0,8.336775518070182,0.0,offroad
239.0,573.0,352828.0,1164.0,3078.0,806.0,33.35235715306327,33.924158498994665,7.0,7.564292032791396,0.0,offroad
321.0,385.0,394858.0,999.0,3041.0,852.0,30.358082433177948,31.950929948979148,7.0,10.948324471047776,0.0,offroad
294.0,555.0,376458.0,1011.0,3032.0,904.0,37.25284063557872,37.27070203849484,6.0,10.054929889537334,0.0,offroad
337.0,349.0,441841.0,929.0,2759.0,828.0,33.43674933614888,32.142944335368874,7.0,7.660846331310662,1.0,offroad
294.0,618.0,340648.0,872.0,2848.0,863.0,40.19917079245393,22.833969849802372,6.0,13.250868959699492,1.0,offroad
188.0,545.0,432805.0,1102.0,3274.0,795.0,40.6555537154281,26.622873449347654,7.0,7.546481546499667,1.0,offroad
259.0,581.0,360008.0,1439.0,3202.0,827.0,31.303609507845195,23.418990563009253,7.0,8.46217137139385,1.0,offroad
314.0,593.0,363841.0,1034.0,2844.0,944.0,34.33783436553722,29.697817496136455,7.0,8.070874675060077,0.0,offroad
240.0,534.0,419635.0,808.0,3317.0,820.0,33.64001122828079,26.066425582060422,7.0,10.567069390641825,0.0,offroad
235.0,648.0,364166.0,1178.0,3242.0,688.0,31.485721284657405,33.30534827992386,6.0,7.130001624776605,1.0,offroad
294.0,574.0,490534.0,1104.0,3657.0,898.0,38.59617770173442,36.909275407107586,8.0,10.56589488901334,1.0,offroad
328.0,551.0,343921.0,1018.0,3249.0,893.0,30.0154133993434,36.690621234721625,6.0,10.196471693795553,1.0,offroad
235.0,594.0,337451.0,1112.0,3230.0,839.0,37.94212349474184,27.111478137091975,7.0,9.26062258757612,1.0,offroad
265.0,641.0,399409.0,873.0,2594.0,858.0,34.40060293311273,30.305870001220427,7.0,9.975918941127121,0.0,offroad
190.0,599.0,361178.0,1041.0,3175.0,920.0,29.724709628656214,28.05148735749993,8.0,10.655669511881099,0.0,offroad
343.0,576.0,335478.0,926.0,2822.0,886.0,35.89949105955041,25.367226502052375,7.0,9.34614779636435,0.0,offroad
227.0,628.0,391535.0,1013.0,3091.0,855.0,39.3500189700041,30.43200213596277,7.0,7.812680329271874,0.0,offroad
246.0,504.0,399795.0,984.0,3472.0,830.0,32.06916723611137,33.13528676382575,7.0,9.908602547279074,0.0,offroad
264.0,640.0,327108.0,1033.0,2826.0,866.0,34.77329709070743,30.325274784390423,6.0,10.671896010069085,0.0,offroad
282.0,544.0,336561.0,1079.0,2990.0,895.0,31.829709753200984,23.771963761017993,7.0,9.200493877260499,1.0,offroad
244.0,624.0,365592.0,1019.0,3047.0,860.0,34.915548113407596,31.7871024164361,7.0,8.283116086990336,1.0,offroad
251.0,591.0,337440.0,1086.0,3662.0,806.0,36.163303166283946,23.855730439533804,8.0,10.68085784416202,0.0,offroad
234.0,542.0,324935.0,1095.0,3302.0,851.0,31.97450653132498,35.563330626363516,6.0,8.056029969028348,0.0,offroad
262.0,639.0,360943.0,1078.0,3420.0,783.0,33.01922004187658,29.735151245700276,6.0,12.306326978551516,1.0,offroad
289.0,545.0,387626.0,798.0,3664.0,775.0,33.87386553603427,29.88631637455267,7.0,11.708077101784147,0.0,offroad
353.0,605.0,330768.0,1074.0,2782.0,919.0,31.601282898122935,29.603945269403706,7.0,9.167090367980244,1.0,offroad
291.0,652.0,291006.0,1138.0,3751.0,825.0,41.6330201423814,29.078935547790607,7.0,9.09057101480613,1.0,offroad
244.0,642.0,338091.0,921.0,3178.0,850.0,37.046180333703596,30.832403392654175,7.0,10.71943797932736,1.0,offroad
232.0,657.0,348286.0,1146.0,2929.0,861.0,33.26762407188255,26.4440159909119,7.0,11.835586063757082,1.0,offroad
241.0,640.0,357712.0,885.0,2567.0,876.0,39.841180803652705,34.432155937847014,6.0,11.064899122220856,0.0,offroad
295.0,681.0,396604.0,1083.0,2903.0,775.0,32.606528848251486,29.967943365128708,8.0,10.585417715589319,1.0,offroad
240.0,584.0,438942.0,943.0,2906.0,776.0,32.401851954932,31.844434869773135,7.0,10.0113402705912,0.0,offroad
255.0,708.0,375304.0,1151.0,2879.0,889.0,38.248054807030904,30.72972189701453,8.0,10.002194282220685,1.0,offroad
243.0,653.0,406374.0,1057.0,2483.0,810.0,36.439751709030034,31.436341468754122,8.0,11.822000170199354,1.0,offroad
270.0,520.0,267210.0,1056.0,3052.0,816.0,29.332894302194475,32.204088300430584,8.0,9.290473499093569,1.0,offroad
196.0,538.0,369531.0,1189.0,2509.0,956.0,35.475495655482014,29.663997683931495,8.0,9.70291035517164,1.0,offroad
252.0,642.0,326573.0,1044.0,2884.0,808.0,44.05091311489363,31.46667757163711,7.0,11.684247168248692,1.0,offroad
334.0,429.0,341561.0,940.0,3174.0,862.0,34.416148407555625,29.958009293802967,7.0,8.532965464716147,1.0,offroad
297.0,675.0,340499.0,1090.0,2914.0,915.0,38.576869718373494,30.7392328972856,8.0,8.15495488611697,0.0,offroad
248.0,500.0,365573.0,1197.0,3343.0,788.0,30.912849044350274,34.4613934738782,6.0,8.296546142863257,0.0,offroad
290.0,543.0,460852.0,899.0,3343.0,860.0,35.88268198982,23.103919965270094,7.0,11.190919800206883,1.0,offroad
258.0,594.0,323740.0,858.0,3168.0,880.0,34.51790628864226,32.73070602415126,7.0,8.23869655641978,1.0,offroad
272.0,587.0,495297.0,818.0,3238.0,941.0,33.86299725725509,33.00870775399196,6.0,11.71927285457416,0.0,offroad
202.0,629.0,423577.0,1042.0,2663.0,925.0,42.13023723901425,30.514768896060907,8.0,10.8254002957314,0.0,offroad
255.0,610.0,390086.0,1068.0,2964.0,848.0,38.17001160174078,38.20968456663754,6.0,7.899893148397392,1.0,offroad
333.0,544.0,307839.0,1082.0,3523.0,886.0,35.71679257048671,31.431993229715978,6.0,7.889427203501581,1.0,offroad
201.0,646.0,408330.0,1083.0,3043.0,878.0,32.19793380178163,28.9167153992547,8.0,10.288006355453016,0.0,offroad
264.0,557.0,537888.0,1117.0,3123.0,837.0,33.42073410569643,29.542197921955655,6.0,7.0,1.0,offroad
302.0,592.0,368036.0,1192.0,2555.0,808.0,40.320321093468856,30.458917636363015,7.0,11.327263874201737,0.0,offroad
266.0,563.0,282270.0,959.0,3264.0,879.0,37.166791092858034,28.68571856776175,7.0,12.019179627847446,1.0,offroad
238.0,589.0,453085.0,1126.0,2611.0,784.0,37.02618436324197,29.774818234172916,7.0,9.317242324069355,0.0,offroad
272.0,626.0,361244.0,1203.0,2763.0,886.0,40.01841493530946,25.17946578754765,6.0,11.163966349609241,1.0,offroad
290.0,649.0,371425.0,904.0,3286.0,915.0,30.92367828020662,25.78630222861767,6.0,10.3378850229754,0.0,offroad
297.0,537.0,274265.0,944.0,3018.0,834.0,30.9448885771918,23.64522858442414,8.0,10.525863186418817,1.0,offroad
263.0,655.0,439385.0,893.0,2653.0,877.0,37.22285004059274,31.40059361820174,6.0,7.0,1.0,offroad
235.0,578.0,404360.0,1099.0,3043.0,868.0,35.29702910426386,32.39966780976469,7.0,10.058213500682202,1.0,offroad
275.0,609.0,393373.0,1049.0,3402.0,864.0,32.72850517834395,33.09262375097959,7.0,7.950702493496624,1.0,offroad
290.0,505.0,360859.0,921.0,2853.0,901.0,37.472769122415386,29.933072370512022,6.0,12.264173575603975,0.0,offroad
207.0,537.0,415979.0,990.0,2913.0,873.0,32.40475612530546,28.796852181714616,8.0,10.182191596299319,1.0,offroad
344.0,534.0,296743.0,739.0,2954.0,813.0,35.72751175373478,30.464091852091354,7.0,12.567710301294257,0.0,offroad
244.0,554.0,297142.0,1061.0,3381.0,865.0,32.03384138302227,30.15593257949903,7.0,7.950828878599473,0.0,offroad
199.0,561.0,403165.0,956.0,2917.0,782.0,36.982893454785795,27.730357799933017,7.0,8.059981725497753,0.0,offroad
214.0,684.0,401448.0,1044.0,2961.0,846.0,34.078017277081734,28.94205712771116,6.0,10.796300743100723,1.0,offroad
225.0,702.0,406517.0,1039.0,2682.0,884.0,34.59200028741335,30.749591293961124,6.0,10.197955002918363,1.0,offroad
235.0,554.0,341719.0,1095.0,2538.0,881.0,37.39570146743549,26.921247135570656,8.0,8.769507308301298,1.0,offroad
261.0,596.0,372357.0,1056.0,3528.0,822.0,28.99687010253803,32.89073254060729,7.0,9.964666899668869,1.0,offroad
259.0,512.0,412142.0,824.0,2909.0,794.0,35.44388639797236,28.717804130017846,6.0,10.265143154875396,1.0,offroad
295.0,577.0,330573.0,1291.0,3142.0,841.0,39.953215843456384,36.44635463285312,6.0,9.142334637085918,1.0,offroad
223.0,558.0,427650.0,961.0,3138.0,842.0,35.89874140063653,29.200346096666607,6.0,11.940054831228506,1.0,offroad
286.0,612.0,454647.0,949.0,3443.0,813.0,39.65026244040625,32.861134943444306,7.0,8.629812130551667,0.0,offroad
295.0,566.0,364637.0,1177.0,2970.0,895.0,34.2112698023453,35.83332140729633,6.0,9.500268501884056,0.0,offroad
216.0,676.0,424592.0,979.0,2456.0,848.0,35.355705187366986,34.085262066565306,7.0,12.382670764360167,1.0,offroad
300.0,644.0,404934.0,747.0,2953.0,786.0,34.29087979478674,33.43001482646863,8.0,8.083873001828453,0.0,offroad
284.0,428.0,387440.0,972.0,2706.0,756.0,32.42839875284552,29.319279802973284,7.0,10.998816735559585,1.0,offroad
228.0,632.0,382364.0,1090.0,2869.0,908.0,36.03328665420835,27.62194255278788,6.0,7.9198476837434715,0.0,offroad
265.0,578.0,399765.0,1004.0,3404.0,892.0,34.973817211407386,30.758411841241855,6.0,10.443498327222999,1.0,offroad
257.0,490.0,443914.0,992.0,2941.0,899.0,36.47813679107456,26.049779199672777,6.0,10.255168002481444,1.0,offroad
268.0,475.0,345486.0,976.0,2965.0,768.0,39.03082954066616,29.642639293879963,6.0,10.056329614990844,0.0,offroad
288.0,557.0,335170.0,1074.0,3447.0,889.0,38.230421477991506,28.177792877031955,7.0,11.629463131654528,0.0,offroad
186.0,559.0,322268.0,861.0,2494.0,844.0,40.61987285328859,29.504180788447147,7.0,10.453484350522412,0.0,offroad
351.0,699.0,373444.0,924.0,3209.0,830.0,30.95205674026432,34.48433528733043,7.0,9.314597741297886,1.0,offroad
231.0,586.0,355006.0,955.0,3306.0,890.0,39.82349938174165,26.5328187181796,7.0,9.485212646969932,0.0,offroad
331.0,605.0,472405.0,1070.0,3318.0,832.0,35.050005241593965,33.188305413438165,7.0,11.251394136834305,1.0,offroad
290.0,575.0,448866.0,715.0,2573.0,887.0,35.049379246885934,32.11929777893458,6.0,10.096611283647913,0.0,offroad
258.0,579.0,371141.0,1032.0,2882.0,826.0,29.0332493297346,29.132160274352387,7.0,9.28004778077691,1.0,offroad
296.0,593.0,429770.0,1074.0,2911.0,824.0,36.09487782868396,32.00818488465665,7.0,8.611323011104568,1.0,offroad
340.0,620.0,433399.0,1122.0,2980.0,781.0,31.50372268314043,30.95421730011795,7.0,10.513338369136518,1.0,offroad
295.0,510.0,435249.0,950.0,3377.0,820.0,31.406810809905373,28.396520535553982,6.0,11.209964675084125,1.0,offroad
260.0,569.0,376694.0,777.0,3117.0,845.0,40.63602543169005,26.711521914611147,8.0,7.2875570072507285,0.0,offroad
294.0,600.0,329578.0,801.0,3461.0,927.0,26.29390134452855,28.39621939760225,8.0,9.612936354666903,0.0,offroad
320.0,550.0,365862.0,854.0,2488.0,907.0,28.549720828133136,30.865450082380647,8.0,11.329869239136475,0.0,offroad
211.0,524.0,440658.0,1069.0,2814.0,916.0,39.22287503209006,30.941684425554975,7.0,9.382812053814268,0.0,offroad
248.0,636.0,303511.0,805.0,3054.0,822.0,32.8053298485579,23.81180148288961,8.0,10.029318767197273,1.0,offroad
269.0,603.0,330445.0,1172.0,2497.0,805.0,40.87020178488134,28.47701438213288,6.0,8.027682003393382,0.0,offroad
236.0,514.0,518418.0,967.0,2422.0,932.0,37.138748167886995,27.317367491430744,6.0,10.46392390482039,1.0,offroad
246.0,565.0,283701.0,1232.0,2869.0,932.0,39.47452235288,26.49646659431015,6.0,11.549784796544722,1.0,offroad
253.0,603.0,356863.0,960.0,3343.0,855.0,32.04845591050267,32.45710613283564,6.0,12.071389845701948,0.0,offroad
271.0,581.0,424585.0,912.0,3100.0,763.0,36.42481634189591,36.835708934389636,6.0,8.507715471298688,1.0,offroad
239.0,537.0,386499.0,861.0,3126.0,896.0,36.87021524708825,23.810546010266748,7.0,11.336935317683242,0.0,offroad
318.0,593.0,431619.0,1250.0,2714.0,909.0,34.69824015697392,29.5461443178999,6.0,7.695203964426943,1.0,offroad
251.0,514.0,357554.0,947.0,3029.0,761.0,29.94068648289137,31.266699947556845,7.0,10.757126032856995,0.0,offroad
260.0,664.0,364514.0,925.0,3261.0,878.0,34.344343915625444,34.8701028843458,7.0,9.681633535240104,0.0,offroad
232.0,584.0,449838.0,1057.0,3009.0,841.0,36.15803459942223,32.62418319971215,8.0,9.142824093018623,0.0,offroad
308.0,616.0,363406.0,1042.0,3143.0,794.0,35.588806894142934,22.435436397941732,7.0,10.723800564731778,0.0,offroad
254.0,598.0,451197.0,1183.0,2991.0,857.0,38.888189006570514,24.747192946582388,8.0,12.863945575939695,0.0,offroad
228.0,489.0,377504.0,923.0,3099.0,805.0,31.409968117588875,22.772971528107256,7.0,11.832707027465052,1.0,offroad
269.0,515.0,317046.0,869.0,2783.0,870.0,32.21498817767786,36.112717210581174,7.0,11.16143658724654,1.0,offroad
298.0,566.0,378436.0,1022.0,3210.0,885.0,33.337061525443886,28.13452198200916,6.0,10.959854435728127,0.0,offroad
298.0,556.0,300640.0,973.0,3187.0,949.0,30.80714713180768,28.50700061509299,7.0,8.73291854384814,1.0,offroad
263.0,613.0,359768.0,840.0,2732.0,945.0,36.34473227577312,30.3771601940839,8.0,9.62515939628193,0.0,offroad
281.0,586.0,423439.0,1003.0,2706.0,816.0,28.073434572786006,37.093859906148374,8.0,9.597815936473229,0.0,offroad
231.0,584.0,451708.0,773.0,2759.0,819.0,33.66429116605376,32.59043982436835,8.0,11.659257627688497,1.0,offroad
217.0,626.0,343385.0,1101.0,3015.0,907.0,34.295030349730595,31.334356293067344,8.0,9.939090652482205,1.0,offroad
291.0,505.0,451681.0,758.0,2794.0,844.0,36.44324589180082,35.51660384709483,7.0,10.037031645828488,1.0,offroad
191.0,596.0,459539.0,1015.0,3313.0,882.0,33.47663131048191,25.068637386227863,7.0,10.412503447437716,1.0,offroad
263.0,651.0,355989.0,1034.0,3062.0,847.0,33.485691703111925,31.373596064646822,6.0,11.764673238049408,0.0,offroad
216.0,583.0,463257.0,965.0,3396.0,859.0,31.413372374732635,36.46814067119797,8.0,11.486066269936128,1.0,offroad
253.0,629.0,260446.0,867.0,3293.0,836.0,35.726398032110595,25.28625018259598,6.0,10.676459216127562,0.0,offroad
328.0,567.0,359765.0,1133.0,3594.0,902.0,42.601309335888104,26.771770348283287,6.0,8.770919754251814,0.0,offroad
222.0,606.0,388780.0,980.0,3242.0,917.0,29.660181567496053,27.910597902346097,8.0,9.035028509260268,0.0,offroad
308.0,532.0,430926.0,832.0,2909.0,868.0,32.991630301314586,32.74104479604611,8.0,9.146684537203946,1.0,offroad
283.0,554.0,480423.0,808.0,3220.0,818.0,33.82477483790852,28.89014008599112,7.0,8.794848588743115,0.0,offroad
288.0,586.0,330677.0,1067.0,3646.0,829.0,33.68405747226847,28.03618804156651,7.0,8.29751429835832,0.0,offroad
268.0,483.0,417659.0,859.0,2898.0,930.0,30.067744706914205,24.63590617890783,6.0,10.403959284343507,0.0,offroad
286.0,614.0,277041.0,1103.0,3262.0,832.0,39.38321226804303,33.97759451013696,6.0,9.467577599889012,1.0,offroad
212.0,609.0,386396.0,1082.0,2850.0,746.0,33.42371133060166,31.423966722989242,6.0,8.247982114234443,0.0,offroad
315.0,601.0,354505.0,1023.0,3267.0,782.0,32.62032936138609,30.647369055697304,8.0,13.602375491545528,0.0,offroad
235.0,702.0,480221.0,987.0,2910.0,811.0,34.761291143835656,25.076481986041546,7.0,7.0,1.0,offroad
262.0,477.0,398703.0,1034.0,3019.0,838.0,33.97534728429641,31.75665081795235,7.0,9.956775097617065,0.0,offroad
314.0,620.0,389643.0,1197.0,3126.0,921.0,37.12429912935323,23.553283223739598,7.0,12.177558821165235,1.0,offroad
250.0,544.0,443713.0,985.0,2885.0,799.0,35.94071526202025,30.65487485043782,6.0,10.58263692051626,1.0,offroad
295.0,669.0,328682.0,1206.0,3085.0,849.0,33.60857956208978,25.15418693201251,6.0,11.139905472939741,1.0,offroad
300.0,467.0,303820.0,997.0,3087.0,876.0,33.94370527311312,38.85629384024591,6.0,9.658161161851249,1.0,offroad
274.0,616.0,440178.0,806.0,2926.0,874.0,37.054701371080874,30.02292030231589,6.0,11.161984953835113,0.0,offroad
293.0,543.0,363769.0,1030.0,3030.0,851.0,32.372806123081354,28.951577060802826,6.0,12.191538433508647,1.0,offroad
270.0,503.0,437829.0,1165.0,2626.0,924.0,34.49746443950753,31.464800957049693,6.0,9.25502342180763,1.0,offroad
306.0,604.0,339292.0,848.0,2561.0,860.0,37.00364994122908,32.27837987572804,6.0,12.284403886725691,1.0,offroad
213.0,528.0,389910.0,1042.0,3044.0,833.0,38.26573312002345,30.22239666596328,6.0,10.042203268301883,1.0,offroad
380.0,494.0,369377.0,960.0,3476.0,871.0,35.580506593795356,32.92946904121786,8.0,10.552746380258558,1.0,offroad
225.0,599.0,302621.0,1026.0,3057.0,942.0,29.522591372953773,27.896894884511656,8.0,9.597443059061547,0.0,offroad
284.0,590.0,332193.0,923.0,3373.0,847.0,36.31375893650566,29.596840849282323,7.0,8.225371727125353,0.0,offroad
362.0,519.0,421128.0,829.0,3047.0,903.0,27.747527093662296,29.282736340154372,6.0,10.996079429958375,0.0,offroad
249.0,572.0,390274.0,1014.0,3000.0,790.0,38.87955610603012,31.033183788555927,6.0,10.592322235003866,0.0,offroad
237.0,552.0,371193.0,800.0,2493.0,816.0,36.82882268254836,27.714019135245206,8.0,8.916791175056705,1.0,offroad
309.0,552.0,362307.0,1281.0,3316.0,906.0,39.090031274956836,26.504126957330826,7.0,8.166453077519142,1.0,offroad
248.0,504.0,358450.0,968.0,3080.0,863.0,32.10136802644272,32.39979737379799,6.0,10.88757659017298,1.0,offroad
292.0,528.0,360760.0,1072.0,3616.0,883.0,36.65423917046504,31.857805542854553,6.0,8.390214588899426,0.0,offroad
282.0,586.0,398984.0,959.0,3017.0,782.0,33.8803245269898,34.86791741861825,7.0,9.942376286047093,0.0,offroad
280.0,513.0,465635.0,1005.0,2927.0,784.0,36.56693693238254,31.905609543346117,6.0,8.358258458747656,1.0,offroad
280.0,512.0,442597.0,1119.0,2891.0,838.0,34.52252247402834,27.275920064477237,8.0,8.938040579490396,1.0,offroad
312.0,664.0,390916.0,1125.0,2784.0,893.0,37.29035846921267,31.01468910913182,6.0,11.085959116104052,1.0,offroad
305.0,518.0,391346.0,776.0,3314.0,852.0,33.17687483633683,27.079692356967076,8.0,9.64813145557122,0.0,offroad
297.0,612.0,344723.0,890.0,3197.0,810.0,35.209684209278265,30.43314124883497,8.0,8.08359960224756,1.0,offroad
333.0,545.0,470076.0,1262.0,3549.0,839.0,28.7625972130531,21.799363144218557,8.0,9.078942757675883,1.0,offroad
304.0,593.0,335507.0,875.0,3076.0,888.0,36.371584417859545,26.378907141376708,7.0,9.051297375534798,1.0,offroad
230.0,621.0,368274.0,1206.0,3150.0,823.0,34.964280398631736,30.221841874232013,7.0,8.907414530137435,1.0,offroad
303.0,616.0,455765.0,929.0,3502.0,800.0,31.455600528210276,23.840143912477625,6.0,10.966313258266192,0.0,offroad
230.0,508.0,360363.0,951.0,2467.0,796.0,32.302152292850685,35.017687569373315,6.0,10.28717607393603,0.0,offroad
317.0,658.0,280082.0,908.0,3148.0,885.0,32.62526844329472,28.930751879312215,6.0,10.26065380293591,1.0,offroad
235.0,651.0,341447.0,1130.0,2765.0,803.0,37.86508116420124,33.22677732302666,6.0,11.277114905143982,1.0,offroad
302.0,582.0,326315.0,1059.0,2785.0,948.0,40.4069451184639,32.114340992244486,7.0,10.887485625903167,0.0,offroad
303.0,594.0,367240.0,778.0,2975.0,895.0,38.309716996486706,31.765277730014436,7.0,9.18805135755664,1.0,offroad
257.0,561.0,410927.0,1258.0,3037.0,838.0,34.092723654485674,30.435346684177,7.0,10.413494796451387,0.0,offroad
292.0,607.0,401687.0,769.0,3191.0,813.0,31.16456292948615,26.134418602507512,6.0,10.650312415708793,1.0,offroad
261.0,553.0,324177.0,1128.0,3137.0,900.0,33.9136135223357,27.701075859569492,6.0,8.382527400056158,0.0,offroad
343.0,501.0,393683.0,1203.0,3179.0,859.0,31.610307235633364,25.163807840013035,7.0,8.240773319100157,1.0,offroad
286.0,432.0,330961.0,985.0,3479.0,887.0,36.067798916473635,28.59958118544604,7.0,9.125251424116065,0.0,offroad
185.0,539.0,337089.0,928.0,3168.0,844.0,34.73097107548718,34.59715606463833,7.0,12.653797118316165,1.0,offroad
191.0,563.0,386170.0,1057.0,3130.0,808.0,31.0697986289335,38.76110126816999,6.0,9.27402349059917,0.0,offroad
258.0,572.0,403640.0,646.0,3049.0,786.0,36.135209989182236,26.37284781106643,8.0,10.912903245895883,1.0,offroad
241.0,528.0,366318.0,863.0,2857.0,784.0,28.583903419054455,33.56284968350276,8.0,8.055926960764108,1.0,offroad
245.0,530.0,391311.0,1145.0,2649.0,841.0,28.936268917614356,28.623796487112337,8.0,7.687782842628448,1.0,offroad
170.0,610.0,455966.0,1015.0,2690.0,821.0,41.19469573679457,33.18486889301195,7.0,9.555097587965692,1.0,offroad
305.0,575.0,407478.0,1196.0,3335.0,771.0,35.78398239115367,32.57867170808764,7.0,10.928290495216952,1.0,offroad
218.0,515.0,391679.0,1275.0,2749.0,835.0,38.770527855554924,29.937482457892933,8.0,12.182124303055883,0.0,offroad
345.0,597.0,390705.0,1063.0,3016.0,849.0,39.18819492289535,35.30640663124265,6.0,7.738670583049869,1.0,offroad
257.0,604.0,413471.0,985.0,2425.0,796.0,38.13774884570058,20.40850752287774,7.0,9.667639617113561,0.0,offroad
325.0,456.0,401518.0,1165.0,3277.0,813.0,35.303663764119264,28.135073059270265,6.0,8.771100303715942,0.0,offroad
234.0,513.0,305487.0,1019.0,3348.0,839.0,29.729882698025417,32.939805889097094,7.0,9.545328517724927,0.0,offroad
300.0,551.0,405783.0,1210.0,2844.0,776.0,37.209965121953424,32.79673825599805,8.0,10.00919717565284,1.0,offroad
291.0,533.0,382454.0,824.0,3205.0,835.0,33.47501208665342,29.88493930196648,8.0,8.795702139649107,1.0,offroad
271.0,615.0,372179.0,1099.0,3120.0,826.0,34.5634864461723,29.481219889049076,6.0,10.757892014761303,0.0,offroad
255.0,556.0,478437.0,1122.0,2771.0,881.0,35.41422522979312,31.370429113410328,8.0,7.0,0.0,offroad
313.0,642.0,391664.0,1015.0,3094.0,844.0,35.03229447548414,27.946568939333446,6.0,8.873249170564183,1.0,offroad
234.0,569.0,385155.0,964.0,2293.0,936.0,38.80268043011634,31.56015947925995,7.0,10.648520446311675,0.0,offroad
275.0,693.0,331739.0,1031.0,2617.0,850.0,36.35158274299436,29.458583841029057,8.0,11.070816166135206,0.0,offroad
273.0,548.0,351659.0,1105.0,2803.0,900.0,39.279491274911756,24.159501481788546,7.0,11.2473139976088,0.0,offroad
274.0,642.0,366225.0,1023.0,2605.0,857.0,36.743391984755895,31.806570580242642,8.0,11.59813708539637,0.0,offroad
239.0,548.0,474775.0,980.0,3060.0,846.0,32.12411710793242,35.682352238121325,6.0,8.424844645799999,1.0,offroad
251.0,552.0,279914.0,915.0,2709.0,883.0,32.643050161540444,33.10731377452597,6.0,12.097725989603981,0.0,offroad
275.0,488.0,373311.0,888.0,3208.0,991.0,36.74937572590833,23.031009478658667,8.0,10.893699213124497,1.0,offroad
224.0,585.0,343459.0,1031.0,2627.0,798.0,37.26029174561299,26.44517869192061,7.0,10.807317408238386,1.0,offroad
239.0,566.0,396530.0,926.0,3043.0,881.0,38.362146313762196,32.77024102590535,6.0,8.134726491513861,1.0,offroad
342.0,614.0,255441.0,1158.0,3326.0,830.0,37.51042240324125,26.992102762139798,7.0,7.4624472661075085,1.0,offroad
243.0,576.0,376070.0,1155.0,3004.0,826.0,38.65769650830922,30.422765813753887,7.0,8.874965977651424,0.0,offroad
270.0,590.0,326466.0,931.0,3001.0,839.0,39.453499339858084,30.760920484544513,7.0,10.327139209692499,0.0,offroad
298.0,580.0,379335.0,875.0,3152.0,847.0,33.243028139365784,33.87261619784225,8.0,8.124675961157799,1.0,offroad
282.0,577.0,392550.0,1023.0,2545.0,830.0,40.65782579079812,27.692365528279915,6.0,11.863655929788536,1.0,offroad
259.0,609.0,389865.0,1100.0,2684.0,831.0,34.20997078935753,31.594764185310083,7.0,8.810168204189448,0.0,offroad
230.0,649.0,475032.0,1051.0,3331.0,836.0,30.318140348693106,32.14260066516504,7.0,7.591817951441383,1.0,offroad
240.0,519.0,384248.0,858.0,2794.0,811.0,34.087870836831144,24.79418943758608,7.0,10.1308074880559,0.0,offroad
331.0,660.0,418886.0,1009.0,3006.0,892.0,33.629152866735886,23.41117736986388,6.0,10.002315952618378,1.0,offroad
361.0,574.0,309396.0,1021.0,3289.0,787.0,39.45369165797066,24.539402112045195,7.0,13.17598621655643,1.0,offroad
194.0,576.0,391424.0,988.0,2831.0,797.0,38.95684316838059,30.107824972492825,7.0,10.947913356613276,1.0,offroad
287.0,482.0,319326.0,1142.0,2648.0,749.0,41.539845158255815,25.121638232440283,7.0,10.276179097492255,1.0,offroad
259.0,606.0,397715.0,1117.0,2883.0,889.0,32.58734826171975,25.063364042555285,6.0,7.788560416737203,0.0,offroad
